Workbook

Sheet اقرأني
A1: Styllano — Color System
A2: اتسحب من شوبيفاي (products.json): 620 منتج، 2032 صف لون، 253 قيمة لون مختلفة ← 66 لون موحد + 46 لون مزدوج.
A4: Standard Colors: كل لون موحد مرة واحدة، وجنبه كل الأسماء اللي متكتب بيها حالياً. ده الجدول الأساسي.
A5: All Values: كل قيمة لون زي ما هي في شوبيفاي ← الاسم الموحد المقترح.
A6: Products: كل منتج × لون، مع لينك الأدمن ولينك Vendoor. عمود "اللون في Vendoor" الأصفر هيتملى لما ملف Vendoor يوصل.
A7: Option Names: أسماء الـoption نفسها (Color / Colors / الالوان...) — لازم تتوحد.
A9: ألوان عمود الحالة:
A10: أخضر = سليم | برتقالي فاتح = غلط كتابة أو عربي | أصفر = اسم تاني لنفس اللون | أحمر فاتح = محتاج تبص عليه بعينك | أزرق = لون مزدوج | رمادي = مش لون
A12: قاعدة الألوان المزدوجة المقترحة: "Black & White" (اللون الأساسي الأول). مش "/" عشان شوبيفاي بيستخدم "/" بين الـoptions في اسم الـvariant.
A13: تفاصيل زي Logo / Stripes / Sole مكانها الوصف أو الصور، مش اسم اللون.
A14: الأسماء في "محتاج مراجعة" اقتراحات مني — لو الدرجتين مختلفين فعلاً قدام الزبون، ما تدمجهمش.
A16: مطابقة Vendoor
... A29: Products: اتضاف 3 أعمدة: اللون في Vendoor (موحد)، المطابقة، ملاحظة المطابقة.

Sheet To Fix
A1: المنتج | B1: لينك الأدمن | C1: اللون في شوبيفاي | D1: اللون في Vendoor | E1: Vendoor (موحد) | F1: المشكلة | G1: التفاصيل | H1: لينك Vendoor
A2: Adidas Clog Slides | B2: فتح | C2: Biege | D2: — المنتج اتشال من Vendoor (404) | F2: ⛔ المنتج اتشال من Vendoor | H2: https://aff.ven-door.com/product/4816
A3: Adidas Clog Slides | B3: فتح | C3: Black | D3: — المنتج اتشال من Vendoor (404) | F3: ⛔ المنتج اتشال من Vendoor | H3: https://aff.ven-door.com/product/4816
A4: Adidas Clog Slides | B4: فتح | C4: Khaki | D4: — المنتج اتشال من Vendoor (404) | F4: ⛔ المنتج اتشال من Vendoor | H4: https://aff.ven-door.com/product/4816
A5: Adidas Men’s Lightweight Sneakers | B5: فتح | C5: Black | D5: — المنتج اتشال من Vendoor (404) | F5: ⛔ المنتج اتشال من Vendoor | H5: https://aff.ven-door.com/product/4448
A6: Adidas Men’s Lightweight Sneakers | B6: فتح | C6: Gray | D6: — المنتج اتشال من Vendoor (404) | F6: ⛔ المنتج اتشال من Vendoor | H6: https://aff.ven-door.com/product/4448
A7: Adidas Men’s Lightweight Sneakers | B7: فتح | C7: Navy | D7: — المنتج اتشال من Vendoor (404) | F7: ⛔ المنتج اتشال من Vendoor | H7: https://aff.ven-door.com/product/4448
A8: Adidas Sweatpants | B8: فتح | C8: Black | D8: — المنتج اتشال من Vendoor (404) | F8: ⛔ المنتج اتشال من Vendoor | H8: https://aff.ven-door.com/product/4965
A9: Adidas Sweatpants | B9: فتح | C9: Silver | D9: — المنتج اتشال من Vendoor (404) | F9: ⛔ المنتج اتشال من Vendoor | H9: https://aff.ven-door.com/product/4965
A10: Adidas Tracksuit | B10: فتح | C10: Beige | D10: — المنتج اتشال من Vendoor (404) | F10: ⛔ المنتج اتشال من Vendoor | H10: https://aff.ven-door.com/product/5209
A11: Adidas Tracksuit | B11: فتح | C11: Brown | D11: — المنتج اتشال من Vendoor (404) | F11: ⛔ المنتج اتشال من Vendoor | H11: https://aff.ven-door.com/product/5209
A12: Adidas Tracksuit | B12: فتح | C12: Grey | D12: — المنتج اتشال من Vendoor (404) | F12: ⛔ المنتج اتشال من Vendoor | H12: https://aff.ven-door.com/product/5209
A13: Adidas Tracksuit | B13: فتح | C13: Mint Green | D13: — المنتج اتشال من Vendoor (404) | F13: ⛔ المنتج اتشال من Vendoor | H13: https://aff.ven-door.com/product/5209
... A73: ZARA Slip-On Summer Shoes | B73: فتح | C73: Stars | D73: — مش موجود على Vendoor | F73: ⛔ اللون مش موجود على Vendoor | H73: https://aff.ven-door.com/product/5316
A74: 3D Teddy Bear EVA Slipper | B74: فتح | C74: Brown | D74: كاكاو | E74: Cocoa | F74: ❌ مختلف | G74: شوبيفاي: Brown ← Vendoor: كاكاو | H74: https://aff.ven-door.com/product/5877
A75: AMR Diab Off White Cotton Shirt | B75: فتح | C75: Off White | D75: ابيض | E75: White | F75: ❌ مختلف | G75: شوبيفاي: Off White ← Vendoor: ابيض | H75: https://aff.ven-door.com/product/5214
A76: ARC Men's Casual Slip-On Shoe | B76: فتح | C76: Havan | D76: جملي | E76: Camel | F76: ❌ مختلف | G76: شوبيفاي: Havan ← Vendoor: جملي | H76: https://aff.ven-door.com/product/5979
A77: Adidas Gazelle Everyday Shoes | B77: فتح | C77: Light Blue | D77: لبني | E77: Baby Blue | F77: ❌ مختلف | G77: شوبيفاي: Light Blue ← Vendoor: لبني — لبني = Baby Blue (15) بس اتكتب Light Blue (7) — لازم اسم واحد | H77: Adidas Gazelle Sneaker FL18 ( مخزن 301 ) - لبني 41
A78: Amr Diab Signature Off-White Chemise | B78: فتح | C78: Off White | D78: ابيض | E78: White | F78: ❌ مختلف | G78: شوبيفاي: Off White ← Vendoor: ابيض | H78: https://aff.ven-door.com/product/5215
A79: Braided Platform Sandal | B79: فتح | C79: Aqua | D79: تركواز | E79: Turquoise | F79: ❌ مختلف | G79: شوبيفاي: Aqua ← Vendoor: تركواز | H79: https://aff.ven-door.com/product/5452
A80: Braided Platform Sandal | B80: فتح | C80: Light Blue | D80: لبني | E80: Baby Blue | F80: ❌ مختلف | G80: شوبيفاي: Light Blue ← Vendoor: لبني — لبني = Baby Blue (15) بس اتكتب Light Blue (7) — لازم اسم واحد | H80: https://aff.ven-door.com/product/5452
A81: Cargo Denim Jogger | B81: فتح | C81: Baby Blue | D81: لبني فاتح | E81: Light Blue | F81: ❌ مختلف | G81: شوبيفاي: Baby Blue ← Vendoor: لبني فاتح — اتكتب Baby Blue 3 مرات و Light Blue مرة | H81: https://aff.ven-door.com/product/5082
A82: Cargo Denim Jogger | B82: فتح | C82: Gray | D82: رمادي فاتح | E82: Light Gray | F82: ❌ مختلف | G82: شوبيفاي: Gray ← Vendoor: رمادي فاتح | H82: https://aff.ven-door.com/product/5082
A83: Classic Gabardine Pants | B83: فتح | C83: Gray | D83: رصاصي غامق | E83: Dark Gray | F83: ❌ مختلف | G83: شوبيفاي: Gray ← Vendoor: رصاصي غامق | H83: https://aff.ven-door.com/product/5062
A84: Classic Leather Slipper | B84: فتح | C84: Khaki | D84: كموني | E84: Cumin | F84: ❌ مختلف | G84: شوبيفاي: Khaki ← Vendoor: كموني — اتكتب Camel 3 مرات و Khaki مرتين — لون مختلف عنهم | H84: https://aff.ven-door.com/product/4915
A85: Cotton Oxford Shirt | B85: فتح | C85: Terracotta | D85: طوبي | E85: Brick | F85: ❌ مختلف | G85: شوبيفاي: Terracotta ← Vendoor: طوبي — اتكتب Brick و Terracotta | H85: https://aff.ven-door.com/product/4910
... A153: Women’s Puma Comfort Sneakers | B153: فتح | C153: Burgundy × Olive × Beige | D153: بيج | E153: Beige | F153: ◐ Vendoor كاتب جزء من اللون | G153: شوبيفاي: Burgundy × Olive × Beige ← Vendoor: بيج | H153: https://aff.ven-door.com/product/5334
A154: Imported Sky Leather Shoes | B154: فتح | C154: Black * White | D154: ابيض تطعيم اسود | E154: White & Black | F154: ↔ نفس الألوان، ترتيب مختلف | H154: https://aff.ven-door.com/product/5318

Sheet Standard Colors
A1: Standard name (الاسم الموحد) | B1: النوع | C1: عدد المنتجات | D1: عدد الأسماء المختلفة | E1: الأسماء الموجودة حالياً (وعدد المنتجات) | F1: ملاحظات / محتاج مراجعة | G1: الاسم في Vendoor (وعدد الصفوف)
A2: Black | B2: لون | C2: =COUNTIF(Products!$F$2:$F$2033,A2) | D2: 10 | E2: Black (437) | اسود (3) | Black×Black (2) | Black & Tiger (1) | Black with Leather Accent (1) | Black Burnished (1) | Black with Black Stripes (1) | Black suede (1) | أسود (1) | Matte Black (1) | F2: ⚠ فيه أسماء محتاجة تتأكد منها بعينك / التفاصيل (Leather Accent) مكانها الوصف مش اسم اللون / التفاصيل (Stripes) مكانها الوصف مش اسم اللون / التفاصيل (Tiger) مكانها الوصف مش اسم اللون / دي خامة/تشطيب مش لون | G2: اسود (446) | اسود خطوط سوداء (1) | اسود فرنيه (1) | اسود تطعيم جلد (1) | اسود ناعم (1)
A3: White | B3: لون | C3: =COUNTIF(Products!$F$2:$F$2033,A3) | D3: 6 | E3: White (219) | Wihte (5) | White. (1) | White with White Stripes (1) | white (1) | ابيض (1) | F3: ⚠ فيه أسماء محتاجة تتأكد منها بعينك / التفاصيل (Stripes) مكانها الوصف مش اسم اللون | G3: ابيض (227) | ابيض خطوط ابيض (1)
A4: Gray | B4: لون | C4: =COUNTIF(Products!$F$2:$F$2033,A4) | D4: 4 | E4: Gray (124) | Grey (30) | رمادي (2) | رصاصي (1) | F4: ⚠ فيه أسماء محتاجة تتأكد منها بعينك | G4: رمادي (143) | رصاصي (23) | حديدي (1)
A5: Beige | B5: لون | C5: =COUNTIF(Products!$F$2:$F$2033,A5) | D5: 6 | E5: Beige (117) | Baige (3) | Biege (3) | Bagie (2) | ييج (1) | Beige Striped (1) | F5: ⚠ فيه أسماء محتاجة تتأكد منها بعينك / التفاصيل (Striped) مكانها الوصف مش اسم اللون | G5: بيج (126)
A6: Navy | B6: لون | C6: =COUNTIF(Products!$F$2:$F$2033,A6) | D6: 4 | E6: Navy (124) | Navy Blue (1) | Navy Stars (1) | كحلي (1) | F6: ⚠ فيه أسماء محتاجة تتأكد منها بعينك / التفاصيل (Stars) مكانها الوصف مش اسم اللون | G6: كحلي (129) | ستارز كحلي (1)
A7: Brown | B7: لون | C7: =COUNTIF(Products!$F$2:$F$2033,A7) | D7: 6 | E7: Brown (108) | Brwon (4) | Brawn (2) | بني (2) | Brown with Leather Accent (1) | Brown suede (1) | F7: ⚠ فيه أسماء محتاجة تتأكد منها بعينك / التفاصيل (Leather Accent) مكانها الوصف مش اسم اللون / دي خامة/تشطيب مش لون | G7: بني (121) | بني تطعيم جلد (1)
A8: Olive | B8: لون | C8: =COUNTIF(Products!$F$2:$F$2033,A8) | D8: 3 | E8: Olive (38) | Olive Green (20) | Olive Stars (1) | F8: ⚠ فيه أسماء محتاجة تتأكد منها بعينك / التفاصيل (Stars) مكانها الوصف مش اسم اللون | G8: زيتي (53) | زتوني (7)
A9: Havana | B9: لون | C9: =COUNTIF(Products!$F$2:$F$2033,A9) | D9: 4 | E9: Havan (29) | Havana (24) | Havana Brown (3) | هافان (2) | F9: ⚠ فيه أسماء محتاجة تتأكد منها بعينك | G9: هافان (54)
A10: Blue | B10: لون | C10: =COUNTIF(Products!$F$2:$F$2033,A10) | D10: 1 | E10: Blue (51) | G10: ازرق (52)
A11: Red | B11: لون | C11: =COUNTIF(Products!$F$2:$F$2033,A11) | D11: 1 | E11: Red (46) | G11: احمر (46)
A12: Gold | B12: لون | C12: =COUNTIF(Products!$F$2:$F$2033,A12) | D12: 4 | E12: Gold (37) | Cold (1) | Gold 18 (1) | Gold 20 (1) | F12: ⚠ فيه أسماء محتاجة تتأكد منها بعينك / الرقم ده عيار مش لون — حطه في option تاني / غالباً غلطة في Gold — اتأكد | G12: جولد (40) | ذهبي (1)
A13: Pink | B13: لون | C13: =COUNTIF(Products!$F$2:$F$2033,A13) | D13: 3 | E13: Pink (28) | pink (2) | PINK (1) | G13: بينك (30) | زهري (1)
A14: Burgundy | B14: لون | C14: =COUNTIF(Products!$F$2:$F$2033,A14) | D14: 3 | E14: Burgundy (20) | Burgandy (8) | Burgany (2) | G14: نبيتي (23) | برجندي (7)
A15: Baby Blue | B15: لون | C15: =COUNTIF(Products!$F$2:$F$2033,A15) | D15: 2 | E15: Baby Blue (26) | Baby blue (1) | G15: لبني (22) | بيبي بلو (10)
A16: Dark Gray | B16: لون | C16: =COUNTIF(Products!$F$2:$F$2033,A16) | D16: 3 | E16: Dark Gray (16) | Dark Grey (8) | Dark gray (1) | G16: رمادي غامق (12) | رصاصي غامق (12)
A17: Mint Green | B17: لون | C17: =COUNTIF(Products!$F$2:$F$2033,A17) | D17: 2 | E17: Mint Green (21) | Mint (3) | F17: ⚠ فيه أسماء محتاجة تتأكد منها بعينك | G17: مينت جرين (16) | منت جرين (3) | منت (1)
A18: Silver | B18: لون | C18: =COUNTIF(Products!$F$2:$F$2033,A18) | D18: 2 | E18: Silver (23) | Selver (1) | G18: سيلفر (10) | فضي (10) | سلفر (4)
A19: Cashmere | B19: لون | C19: =COUNTIF(Products!$F$2:$F$2033,A19) | D19: 3 | E19: Cashmere (14) | Kashmir (8) | Cashmir (1) | G19: كشمير (22)
A20: Camel | B20: لون | C20: =COUNTIF(Products!$F$2:$F$2033,A20) | D20: 3 | E20: Camel (19) | Gamel (1) | Gamal (1) | G20: جملي (19)
A21: Yellow | B21: لون | C21: =COUNTIF(Products!$F$2:$F$2033,A21) | D21: 2 | E21: Yellow (20) | yellow (1) | G21: اصفر (22)
A22: Petrol | B22: لون | C22: =COUNTIF(Products!$F$2:$F$2033,A22) | D22: 2 | E22: Petrol (15) | Petrol Blue (4) | G22: بترولي (17)
A23: Off White | B23: لون | C23: =COUNTIF(Products!$F$2:$F$2033,A23) | D23: 2 | E23: Off White (16) | Off-White (1) | G23: اوف وايت (13)
A24: Green | B24: لون | C24: =COUNTIF(Products!$F$2:$F$2033,A24) | D24: 1 | E24: Green (16) | G24: اخضر (15)
A25: Light Gray | B25: لون | C25: =COUNTIF(Products!$F$2:$F$2033,A25) | D25: 2 | E25: Light Grey (11) | Light Gray (5) | G25: رمادي فاتح (14) | رصاصي فاتح (3)
A26: Mauve | B26: لون | C26: =COUNTIF(Products!$F$2:$F$2033,A26) | D26: 3 | E26: Mauve (8) | Mouve (3) | Muve (1) | G26: موف (13)
A27: Light Blue | B27: لون | C27: =COUNTIF(Products!$F$2:$F$2033,A27) | D27: 1 | E27: Light Blue (9) | G27: لبني فاتح (4)
A28: Coffee | B28: لون | C28: =COUNTIF(Products!$F$2:$F$2033,A28) | D28: 2 | E28: Coffee (6) | Caffe (1) | G28: كافيه (7)
A29: Fuchsia | B29: لون | C29: =COUNTIF(Products!$F$2:$F$2033,A29) | D29: 1 | E29: Fuchsia (7) | G29: فوشيا (7)
A30: Turquoise | B30: لون | C30: =COUNTIF(Products!$F$2:$F$2033,A30) | D30: 2 | E30: Turquoise (6) | Turquoise Blue (1) | G30: تركواز (7) | فيروزي (3)
A31: Denim Blue | B31: لون | C31: =COUNTIF(Products!$F$2:$F$2033,A31) | D31: 3 | E31: Jeans (3) | Blue Denim (2) | Denim Blue (1) | F31: ⚠ فيه أسماء محتاجة تتأكد منها بعينك | G31: جينز (3) | لون جينز (3)
A32: Mango | B32: لون | C32: =COUNTIF(Products!$F$2:$F$2033,A32) | D32: 2 | E32: Mango (5) | منجاوي (1) | G32: منجاوي (5)
A33: Purple | B33: لون | C33: =COUNTIF(Products!$F$2:$F$2033,A33) | D33: 1 | E33: Purple (6) | G33: بنفسجي (4)
A34: Pepsi | B34: لون | C34: =COUNTIF(Products!$F$2:$F$2033,A34) | D34: 2 | E34: Pepsi (4) | Pepsi Blue (1) | G34: بيبسي (5)
A35: Mustard | B35: لون | C35: =COUNTIF(Products!$F$2:$F$2033,A35) | D35: 2 | E35: Mustard (3) | Mustarda (1) | G35: مسترده (4)
A36: Orange | B36: لون | C36: =COUNTIF(Products!$F$2:$F$2033,A36) | D36: 1 | E36: Orange (4) | G36: اورانج (4)
A37: Pistachio | B37: لون | C37: =COUNTIF(Products!$F$2:$F$2033,A37) | D37: 1 | E37: Pistachio (4) | G37: بستشيو (4)
A38: Cocoa | B38: لون | C38: =COUNTIF(Products!$F$2:$F$2033,A38) | D38: 1 | E38: Cocoa (3) | F38: ⚠ فيه أسماء محتاجة تتأكد منها بعينك | G38: كاكاو (4)
A39: Firani | B39: لون | C39: =COUNTIF(Products!$F$2:$F$2033,A39) | D39: 1 | E39: Firani (3) | F39: ⚠ فيه أسماء محتاجة تتأكد منها بعينك | G39: فيراني (3)
A40: Genzari | B40: لون | C40: =COUNTIF(Products!$F$2:$F$2033,A40) | D40: 2 | E40: Janazary (2) | Genzari (1) | F40: ⚠ فيه أسماء محتاجة تتأكد منها بعينك | G40: اخضر جنزاري (5) | جنزاري (4)
A41: Khaki | B41: لون | C41: =COUNTIF(Products!$F$2:$F$2033,A41) | D41: 2 | E41: Khaki (2) | khaki (1)
A42: Kiwi | B42: لون | C42: =COUNTIF(Products!$F$2:$F$2033,A42) | D42: 2 | E42: Kiwi (2) | Kiwi Green (1) | G42: كيوي (6)
A43: Sand | B43: لون | C43: =COUNTIF(Products!$F$2:$F$2033,A43) | D43: 1 | E43: Sand (3) | G43: رملي (1)
A44: Aqua | B44: لون | C44: =COUNTIF(Products!$F$2:$F$2033,A44) | D44: 1 | E44: Aqua (2)
A45: Black Denim | B45: لون | C45: =COUNTIF(Products!$F$2:$F$2033,A45) | D45: 1 | E45: Black Denim (2) | G45: جينز اسود (2)
A46: Dark Baby Blue | B46: لون | C46: =COUNTIF(Products!$F$2:$F$2033,A46) | D46: 2 | E46: Dark Baby Blue (1) | Dark Baby Blue (1) | G46: لبني غامق (2)
A47: Dark Green | B47: لون | C47: =COUNTIF(Products!$F$2:$F$2033,A47) | D47: 1 | E47: Dark Green (2)
A48: Desert Beige | B48: لون | C48: =COUNTIF(Products!$F$2:$F$2033,A48) | D48: 1 | E48: Desert Beige (2) | F48: ⚠ فيه أسماء محتاجة تتأكد منها بعينك | G48: صحراوي (4)
A49: Rose | B49: لون | C49: =COUNTIF(Products!$F$2:$F$2033,A49) | D49: 1 | E49: Rose (2) | F49: ⚠ فيه أسماء محتاجة تتأكد منها بعينك | G49: روز (6)
A50: Salmon | B50: لون | C50: =COUNTIF(Products!$F$2:$F$2033,A50) | D50: 2 | E50: Simon (1) | Salmon (1) | F50: ⚠ فيه أسماء محتاجة تتأكد منها بعينك | G50: سيمون (3)
A51: Teal | B51: لون | C51: =COUNTIF(Products!$F$2:$F$2033,A51) | D51: 1 | E51: Teal (2)
A52: Brick | B52: لون | C52: =COUNTIF(Products!$F$2:$F$2033,A52) | D52: 1 | E52: Brick (1) | G52: طوبي (2)
A53: Burlap | B53: لون | C53: =COUNTIF(Products!$F$2:$F$2033,A53) | D53: 1 | E53: Burlap (1) | F53: ⚠ فيه أسماء محتاجة تتأكد منها بعينك | G53: خيش (1)
A54: Camouflage Green | B54: لون | C54: =COUNTIF(Products!$F$2:$F$2033,A54) | D54: 1 | E54: Camouflage Green (1)
A55: Cumin | B55: لون | C55: =COUNTIF(Products!$F$2:$F$2033,A55) | D55: 1 | E55: كموني (1) | F55: ⚠ فيه أسماء محتاجة تتأكد منها بعينك | G55: كموني (5)
A56: Dark Blue | B56: لون | C56: =COUNTIF(Products!$F$2:$F$2033,A56) | D56: 1 | E56: Dark Blue (1)
A57: Dark Denim | B57: لون | C57: =COUNTIF(Products!$F$2:$F$2033,A57) | D57: 1 | E57: Dark Blue Denim (1) | G57: جينز كحلي (1)
A58: Dark Olive | B58: لون | C58: =COUNTIF(Products!$F$2:$F$2033,A58) | D58: 1 | E58: Dark Olive (1) | G58: زيتي غامق (2)
A59: Dusty Rose | B59: لون | C59: =COUNTIF(Products!$F$2:$F$2033,A59) | D59: 1 | E59: Dusty Rose (1) | F59: ⚠ فيه أسماء محتاجة تتأكد منها بعينك
A60: Light Denim | B60: لون | C60: =COUNTIF(Products!$F$2:$F$2033,A60) | D60: 1 | E60: Light Blue Denim (1) | G60: جينز لبني (1)
A61: Light Olive | B61: لون | C61: =COUNTIF(Products!$F$2:$F$2033,A61) | D61: 1 | E61: Light Olive (1) | G61: زيتي فاتح (1)
A62: Light Pink | B62: لون | C62: =COUNTIF(Products!$F$2:$F$2033,A62) | D62: 1 | E62: Light Pink (1)
A63: Neon Yellow | B63: لون | C63: =COUNTIF(Products!$F$2:$F$2033,A63) | D63: 1 | E63: Neon Yellow (1) | G63: فسفوري (1)
A64: Peach | B64: لون | C64: =COUNTIF(Products!$F$2:$F$2033,A64) | D64: 1 | E64: Peach (1)
A65: Shania | B65: لون | C65: =COUNTIF(Products!$F$2:$F$2033,A65) | D65: 1 | E65: Shania (1) | F65: ⚠ فيه أسماء محتاجة تتأكد منها بعينك
A66: Taupe | B66: لون | C66: =COUNTIF(Products!$F$2:$F$2033,A66) | D66: 1 | E66: Taupe (1)
A67: Terracotta | B67: لون | C67: =COUNTIF(Products!$F$2:$F$2033,A67) | D67: 1 | E67: Terracotta (1)
A68: White & Black | B68: لون مزدوج | C68: =COUNTIF(Products!$F$2:$F$2033,A68) | D68: 10 | E68: White × Black (4) | White with Black (3) | White & Black (2) | White with Black Logo (2) | White with Black Accent (1) | White with Black Mark (1) | White/Black (1) | White With Black (1) | White with Black Sole (1) | White with Black Stripes (1) | F68: التفاصيل (Accent) مكانها الوصف مش اسم اللون / التفاصيل (Logo) مكانها الوصف مش اسم اللون / التفاصيل (Mark) مكانها الوصف مش اسم اللون / التفاصيل (Sole) مكانها الوصف مش اسم اللون / التفاصيل (Stripes) مكانها الوصف مش اسم اللون | G68: ابيض تطعيم اسود (11) | ابيض*اسود (2) | ابيض خطوط سوداء (2) | ابيض في اسود (1) | ابيض علامه سوداء (1)
A69: Black & White | B69: لون مزدوج | C69: =COUNTIF(Products!$F$2:$F$2033,A69) | D69: 9 | E69: Black with White (3) | Black with White Accent (2) | Black with White Logo (2) | Black/White (1) | Black With White (1) | Black & White Dual-Face (1) | Black with White Sole (1) | Black * White (1) | Black with White Stripes (1) | F69: التفاصيل (Accent) مكانها الوصف مش اسم اللون / التفاصيل (Dual-Face) مكانها الوصف مش اسم اللون / التفاصيل (Logo) مكانها الوصف مش اسم اللون / التفاصيل (Sole) مكانها الوصف مش اسم اللون / التفاصيل (Stripes) مكانها الوصف مش اسم اللون | G69: اسود تطعيم ابيض (6) | اسود خطوط بيضاء (2) | اسود علامه بيضاء (1)
A70: White & Green | B70: لون مزدوج | C70: =COUNTIF(Products!$F$2:$F$2033,A70) | D70: 5 | E70: White with Green (3) | White × Green (3) | White with Green Stripes (2) | White with Green accents (1) | White with Green Logo (1) | F70: التفاصيل (Accents) مكانها الوصف مش اسم اللون / التفاصيل (Logo) مكانها الوصف مش اسم اللون / التفاصيل (Stripes) مكانها الوصف مش اسم اللون | G70: ابيض*اخضر (2) | ابيض خطوط خضراء (2) | ابيض تطعيم اخضر (2) | ابيض خطوط اخضر (1) | ابيض علامه خضراء (1) | ابيضXاخضر (1)
A71: White & Gray | B71: لون مزدوج | C71: =COUNTIF(Products!$F$2:$F$2033,A71) | D71: 7 | E71: White with Gray Accent (1) | White With Gray (1) | White X Gray (1) | White with Grey (1) | ابيضXرمادي (1) | White × Grey (1) | White with Grey Sole (1) | F71: التفاصيل (Accent) مكانها الوصف مش اسم اللون / التفاصيل (Sole) مكانها الوصف مش اسم اللون | G71: ابيض مطعم رمادي (2) | ابيضXرمادي (2) | ابيض تطعيم رمادي (1)
A72: White & Blue | B72: لون مزدوج | C72: =COUNTIF(Products!$F$2:$F$2033,A72) | D72: 4 | E72: White × Blue (3) | White & Blue (1) | White with Blue accents (1) | White With Blue Logo (1) | F72: التفاصيل (Accents) مكانها الوصف مش اسم اللون / التفاصيل (Logo) مكانها الوصف مش اسم اللون | G72: ابيضXازرق (1)
A73: Gray & Black | B73: لون مزدوج | C73: =COUNTIF(Products!$F$2:$F$2033,A73) | D73: 4 | E73: Gray×Black (2) | Grey & Black (1) | Grey × Black (1) | Gray with Black Logo (1) | F73: التفاصيل (Logo) مكانها الوصف مش اسم اللون | G73: رمادي * اسود (1) | رمادي*اسود (1) | رمادي علامه سوداء (1)
A74: Black & Gray | B74: لون مزدوج | C74: =COUNTIF(Products!$F$2:$F$2033,A74) | D74: 3 | E74: Black with Grey (2) | Black & Gray (1) | Black with Gray Logo (1) | F74: التفاصيل (Logo) مكانها الوصف مش اسم اللون | G74: اسود تطعيم رمادي (3) | اسود علامه رمادي (1)
A75: White & Pink | B75: لون مزدوج | C75: =COUNTIF(Products!$F$2:$F$2033,A75) | D75: 4 | E75: White with Pink Stripes (1) | White x Pink (1) | White with Pink (1) | White&Pink (1) | F75: التفاصيل (Stripes) مكانها الوصف مش اسم اللون | G75: ابيض خطوط بينك (2) | ابيض*بينك (1)
A76: White & Red | B76: لون مزدوج | C76: =COUNTIF(Products!$F$2:$F$2033,A76) | D76: 3 | E76: White with Red (2) | White with Red Stripes (1) | White With Red Logo (1) | F76: التفاصيل (Logo) مكانها الوصف مش اسم اللون / التفاصيل (Stripes) مكانها الوصف مش اسم اللون | G76: ابيض خطوط احمر (1) | ابيض تطعيم احمر (1) | ابيض خطوط حمراء (1)
A77: Black & Gold | B77: لون مزدوج | C77: =COUNTIF(Products!$F$2:$F$2033,A77) | D77: 2 | E77: Black with Gold (2) | Black with Gold Logo (1) | F77: التفاصيل (Logo) مكانها الوصف مش اسم اللون | G77: اسود تطعيم ذهبي (1) | اسود علامه ذهبي (1)
A78: White & Gold | B78: لون مزدوج | C78: =COUNTIF(Products!$F$2:$F$2033,A78) | D78: 2 | E78: White with Gold (2) | White × Gold (1) | G78: ابيض تطعيم ذهبي (1) | ابيض x جولد (1) | ابيض خطوط ذهبي (1)
A79: Black & Silver | B79: لون مزدوج | C79: =COUNTIF(Products!$F$2:$F$2033,A79) | D79: 2 | E79: Black with Silver (1) | Black with Silver Stripes (1) | F79: التفاصيل (Stripes) مكانها الوصف مش اسم اللون | G79: اسود خطوط فضي (1) | اسود تطعيم فضي (1)
A80: Navy & Black | B80: لون مزدوج | C80: =COUNTIF(Products!$F$2:$F$2033,A80) | D80: 1 | E80: Navy×Black (2)
A81: Olive & Black | B81: لون مزدوج | C81: =COUNTIF(Products!$F$2:$F$2033,A81) | D81: 1 | E81: Olive×Black (2)
A82: White & Beige | B82: لون مزدوج | C82: =COUNTIF(Products!$F$2:$F$2033,A82) | D82: 1 | E82: White & Beige (2) | G82: ابيض*بيج (1) | ابيض تطعيم بيج (1)
A83: White & Navy | B83: لون مزدوج | C83: =COUNTIF(Products!$F$2:$F$2033,A83) | D83: 2 | E83: White × Navy (1) | White with Navy Logo (1) | F83: التفاصيل (Logo) مكانها الوصف مش اسم اللون | G83: ابيض علامه كحلي (1) | ابيضXكحلي (1)
A84: White & Watermelon | B84: لون مزدوج | C84: =COUNTIF(Products!$F$2:$F$2033,A84) | D84: 1 | E84: White with Watermelon (2) | G84: ابيض تطعيم بطيخي (2)
A85: Beige & Burgundy | B85: لون مزدوج | C85: =COUNTIF(Products!$F$2:$F$2033,A85) | D85: 1 | E85: Beige x Burgundy (1) | G85: بيج*نبيتي (1)
A86: Black & Beige | B86: لون مزدوج | C86: =COUNTIF(Products!$F$2:$F$2033,A86) | D86: 1 | E86: Black with Beige (1) | G86: اسود تطعيم بيج (1)
A87: Black & Yellow | B87: لون مزدوج | C87: =COUNTIF(Products!$F$2:$F$2033,A87) | D87: 1 | E87: Black × Yellow (1)
A88: Brown & White | B88: لون مزدوج | C88: =COUNTIF(Products!$F$2:$F$2033,A88) | D88: 1 | E88: Brown with White Stripes (1) | F88: التفاصيل (Stripes) مكانها الوصف مش اسم اللون | G88: بني خطوط بيضاء (1)
A89: Burgundy & Navy | B89: لون مزدوج | C89: =COUNTIF(Products!$F$2:$F$2033,A89) | D89: 1 | E89: Burgundy × Navy (1)
A90: Burgundy & Olive & Beige | B90: لون مزدوج | C90: =COUNTIF(Products!$F$2:$F$2033,A90) | D90: 1 | E90: Burgundy × Olive × Beige (1)
A91: Dark Gray & Black | B91: لون مزدوج | C91: =COUNTIF(Products!$F$2:$F$2033,A91) | D91: 1 | E91: Dark Grey with Black Stripes (1) | F91: التفاصيل (Stripes) مكانها الوصف مش اسم اللون | G91: رمادي غامق خطوط سوداء (1)
A92: Gold & Silver | B92: لون مزدوج | C92: =COUNTIF(Products!$F$2:$F$2033,A92) | D92: 1 | E92: Gold x Silver (1)
A93: Gold & Silver & Rose Gold | B93: لون مزدوج | C93: =COUNTIF(Products!$F$2:$F$2033,A93) | D93: 1 | E93: Gold – Silver – Rose Gold 18 (1) | F93: التفاصيل (18) مكانها الوصف مش اسم اللون
A94: Gray & Pink | B94: لون مزدوج | C94: =COUNTIF(Products!$F$2:$F$2033,A94) | D94: 1 | E94: Gray × Pink (1)
A95: Havana & Black | B95: لون مزدوج | C95: =COUNTIF(Products!$F$2:$F$2033,A95) | D95: 1 | E95: Havana with Black Logo (1) | F95: التفاصيل (Logo) مكانها الوصف مش اسم اللون | G95: هافان علامه سوداء (1)
A96: Mint Green & Blue | B96: لون مزدوج | C96: =COUNTIF(Products!$F$2:$F$2033,A96) | D96: 1 | E96: Mint Green with Blue Stripes (1) | F96: التفاصيل (Stripes) مكانها الوصف مش اسم اللون | G96: مينت جرين خطوط ازرق (1)
A97: Navy & Havana | B97: لون مزدوج | C97: =COUNTIF(Products!$F$2:$F$2033,A97) | D97: 1 | E97: Navy with Havana Logo (1) | F97: التفاصيل (Logo) مكانها الوصف مش اسم اللون | G97: كحلي علامه هافان (1)
A98: Navy & Silver | B98: لون مزدوج | C98: =COUNTIF(Products!$F$2:$F$2033,A98) | D98: 1 | E98: Navy with Silver (1) | G98: كحلي تطعيم فضي (1)
A99: Navy & White | B99: لون مزدوج | C99: =COUNTIF(Products!$F$2:$F$2033,A99) | D99: 1 | E99: Navy with White Stripes (1) | F99: التفاصيل (Stripes) مكانها الوصف مش اسم اللون | G99: كحلي خطوط بيضاء (1)
A100: Off White & Sky Blue | B100: لون مزدوج | C100: =COUNTIF(Products!$F$2:$F$2033,A100) | D100: 1 | E100: Off White with Sky Blue (1)
...

Sheet Vendoor Dictionary
A1: اسم اللون في Vendoor | B1: الاسم الموحد (English) | C1: عدد الصفوف | D1: إزاي Vendoor كاتبه بالظبط | E1: إزاي اتكتب في شوبيفاي | F1: متسق؟ | G1: ملاحظة
A2: اسود | B2: Black | C2: 446 | D2: اسود (385) | أسود (25) | أسود M (6) | اسود 41 (3) | اسود 42 (3) | اسود 43 (3) | اسود 44 (3) | اسود 45 (3) | اسود XL (2) | اسود L (2) | اسود 2XL (1) | اسود size- (1) | أسود one size (1) | (أسود) (1) | أسود مقاس (1) | أٍسود (1) | أسود ٦سنوات (1) | اسود m (1) | اسود M (1) | اسود 2X (1) | أسود L (1) | E2: Black (435) | Black×Black (2) | Black with Gold (1) | Black with White (1) | اسود (1) | Black × Yellow (1) | أسود (1) | Black with White Sole (1) | White × Black (1) | Black suede (1) | Black & Tiger (1) | F2: ⚠ 11 أسماء
A3: ابيض | B3: White | C3: 227 | D3: ابيض (193) | أبيض (20) | أبيض M (6) | أببض (1) | أبيض مقاس (1) | أبيض ٦سنوات (1) | ابيض m (1) | ابيض M (1) | ابيض L (1) | ابيض XL (1) | ابيض 2X (1) | E3: White (214) | Wihte (5) | Off White (2) | White. (1) | white (1) | ابيض (1) | White × Mauve (1) | White with Black Sole (1) | White with Grey Sole (1) | F3: ⚠ 9 أسماء
A4: رمادي | B4: Gray | C4: 143 | D4: رمادي (127) | رمادي 41 (2) | رمادي 42 (2) | رمادي 43 (2) | رمادي 44 (2) | رمادي 45 (2) | رمادي size- (1) | رمادي مقاس (1) | رمادي M (1) | رمادي L (1) | رمادي XL (1) | رمادي 2X (1) | E4: Gray (115) | Grey (23) | Gray×Black (2) | رمادي (1) | Gray × Pink (1) | White X Gray (1) | F4: ⚠ 6 أسماء
A5: كحلي | B5: Navy | C5: 129 | D5: كحلي (117) | كحلي 41 (2) | كحلي 42 (2) | كحلي 43 (2) | كحلي 44 (2) | كحلي 45 (2) | كحلي ٦سنوات (1) | كحلي m (1) | E5: Navy (125) | Navy×Black (2) | Navy Blue (1) | Burgundy × Navy (1) | F5: ⚠ 4 أسماء
A6: بيج | B6: Beige | C6: 126 | D6: بيج (110) | بيج M (4) | بيچ (1) | بيج size- (1) | بيج 4 (1) | بيج 6 (1) | بيج 8 (1) | بيج 10 (1) | بيج 41 (1) | بيج 42 (1) | بيج 43 (1) | بيج 44 (1) | بيج 45 (1) | بيچ L (1) | E6: Beige (119) | Bagie (2) | Baige (2) | Biege (2) | Burgundy × Olive × Beige (1) | F6: ⚠ 5 أسماء
A7: بني | B7: Brown | C7: 121 | D7: بني (108) | بني 41 (2) | بني 42 (2) | بني 43 (2) | بني 44 (2) | بني 45 (2) | بني 40 (1) | بني L (1) | بنى (1) | E7: Brown (110) | Brwon (4) | Brawn (2) | Havana (1) | بني (1) | Havan (1) | Brown suede (1) | Baige (1) | F7: ⚠ 8 أسماء
A8: هافان | B8: Havana | C8: 54 | D8: هافان (48) | هافان size- (1) | هافان 41 (1) | هافان 42 (1) | هافان 43 (1) | هافان 44 (1) | هافان 45 (1) | E8: Havana (27) | Havan (23) | Havana Brown (3) | هافان (1) | F8: ⚠ 4 أسماء
A9: زيتي | B9: Olive | C9: 53 | D9: زيتى (33) | زيتي (10) | زيتي M (5) | زيتي size- (1) | زيتي مقاس (1) | زيتي L (1) | زيتي XL (1) | زيتي 2X (1) | E9: Olive (36) | Olive Green (13) | Olive×Black (2) | White × Olive (1) | Olive Stars (1) | F9: ⚠ 5 أسماء
A10: ازرق | B10: Blue | C10: 52 | D10: ازرق (46) | أزرق (5) | أزرق L (1) | E10: Blue (48) | White × Blue (2) | White with Blue accents (1) | White With Blue Logo (1) | F10: ⚠ 4 أسماء
A11: احمر | B11: Red | C11: 46 | D11: احمر (37) | أحمر (7) | أحمر XL (1) | أحمر 2XL (1) | E11: Red (45) | White With Red Logo (1) | F11: ⚠ 2 أسماء
A12: جولد | B12: Gold | C12: 40 | D12: جولد (40) | E12: Gold (36) | Cold (1) | Gold – Silver – Rose Gold 18 (1) | Gold 18 (1) | Gold 20 (1) | F12: ⚠ 5 أسماء
A13: بينك | B13: Pink | C13: 30 | D13: بينك (30) | E13: Pink (26) | pink (2) | Light Pink (1) | PINK (1) | F13: ⚠ 4 أسماء
A14: نبيتي | B14: Burgundy | C14: 23 | D14: نبيتي (23) | E14: Burgundy (19) | Burgany (2) | Burgandy (2) | F14: ⚠ 3 أسماء
A15: رصاصي | B15: Gray | C15: 23 | D15: رصاصي (18) | رصاصي 41 (1) | رصاصي 42 (1) | رصاصي 43 (1) | رصاصي 44 (1) | رصاصي 45 (1) | E15: Gray (18) | Grey (3) | Dark Gray (2) | F15: ⚠ 3 أسماء | G15: Vendoor بيستخدم رمادي ورصاصي الاتنين — 17 من 19 في شوبيفاي Gray
A16: اصفر | B16: Yellow | C16: 22 | D16: اصفر (13) | أصفر (5) | أصفر XL (1) | أصفر 2XL (1) | أصفر L (1) | أصفر مقاس (1) | E16: Yellow (21) | yellow (1) | F16: ⚠ 2 أسماء
A17: لبني | B17: Baby Blue | C17: 22 | D17: لبني (20) | لبنى (2) | E17: Baby Blue (15) | Light Blue (7) | F17: ⚠ 2 أسماء | G17: لبني = Baby Blue (15) بس اتكتب Light Blue (7) — لازم اسم واحد
A18: كشمير | B18: Cashmere | C18: 22 | D18: كشمير (21) | كشمير مقاس (1) | E18: Cashmere (13) | Kashmir (8) | Cashmir (1) | F18: ⚠ 3 أسماء
A19: جملي | B19: Camel | C19: 19 | D19: جملي (19) | E19: Camel (15) | Havan (2) | Gamal (1) | Gamel (1) | F19: ⚠ 4 أسماء
A20: بترولي | B20: Petrol | C20: 17 | D20: بترولي (17) | E20: Petrol (13) | Petrol Blue (4) | F20: ⚠ 2 أسماء
A21: مينت جرين | B21: Mint Green | C21: 16 | D21: مينت جرين (16) | E21: Mint Green (15) | Mint (1) | F21: ⚠ 2 أسماء
A22: اخضر | B22: Green | C22: 15 | D22: اخضر (14) | أخضر (1) | E22: Green (14) | White with Green accents (1) | F22: ⚠ 2 أسماء
A23: رمادي فاتح | B23: Light Gray | C23: 14 | D23: رمادي فاتح (14) | E23: Light Grey (8) | Light Gray (5) | Gray (1) | F23: ⚠ 3 أسماء
A24: موف | B24: Mauve | C24: 13 | D24: موف (13) | E24: Mauve (8) | Mouve (3) | Muve (1) | Purple (1) | F24: ⚠ 4 أسماء
A25: اوف وايت | B25: Off White | C25: 13 | D25: اوف وايت (13) | E25: Off White (13) | F25: ✅ اسم واحد
A26: باندل ثلاث قطع | B26: — (مش لون) | C26: 13 | D26: باندل ثلاث قطع (13) | E26: Pack ( Of 3 Pieces) (1) | Pack Of 3 (1) | Pack Of 3 Color ( Black - Burgundy - Coffe ) (1) | Pack Of 3 Color ( Red - Burgundy - Navy ) (1) | Pack Of 3 Color (Beige - Cashmere - Burgandy) (1) | Pack Of 3 Color (Black - Red - Mint) (1) | Pack Of 3 Trunks (1) | Pack of 3 pieces (1) | Pack Of 3 Pieces (1) | Pack (Of 3 Pieces) (1) | Pack of 3 shorts (Black - Beige - Olive) (1) | Pack of 3 shorts (Olive - Dark Gray - Light Gray) (1) | pack Of 3 piece (1) | F26: ⚠ 13 أسماء
A27: رمادي غامق | B27: Dark Gray | C27: 12 | D27: رمادي غامق (12) | E27: Dark Grey (6) | Dark Gray (5) | Dark gray (1) | F27: ⚠ 3 أسماء
A28: رصاصي غامق | B28: Dark Gray | C28: 12 | D28: رصاصي غامق (11) | رصاصي غامق ٦سنوات (1) | E28: Dark Gray (9) | Dark Grey (2) | Gray (1) | F28: ⚠ 3 أسماء
A29: ابيض تطعيم اسود | B29: White & Black | C29: 11 | D29: ابيض تطعيم اسود (11) | E29: White & Black (2) | White With Black (1) | Black * White (1) | White with Black Mark (1) | White with Black (1) | White/Black (1) | White with Black Logo (1) | White (1) | White with Black Accent (1) | White × Black (1) | F29: ⚠ 10 أسماء
... A31: فضي | B31: Silver | C31: 10 | D31: فضي (9) | فضي L (1) | E31: Silver (10) | F31: ✅ اسم واحد
A32: بيبي بلو | B32: Baby Blue | C32: 10 | D32: بيبي بلو (4) | بيبى بلو (1) | بيبي بلو 4 (1) | بيبي بلو 6 (1) | بيبي بلو 8 (1) | بيبي بلو 10 (1) | بيبي بلو مقاس (1) | E32: Baby Blue (10) | F32: ✅ اسم واحد | G32: لبني = Baby Blue (15) بس اتكتب Light Blue (7) — لازم اسم واحد
A33: زتوني | B33: Olive | C33: 7 | D33: زتوني (5) | زتوني XL (1) | زتوني 2XL (1) | E33: Olive Green (6) | Olive (1) | F33: ⚠ 2 أسماء
A34: كافيه | B34: Coffee | C34: 7 | D34: كافيه (6) | كافيه مقاس (1) | E34: Coffee (6) | Caffe (1) | F34: ⚠ 2 أسماء
A35: برجندي | B35: Burgundy | C35: 7 | D35: برجندي (7) | E35: Burgandy (6) | Burgundy (1) | F35: ⚠ 2 أسماء
A36: تركواز | B36: Turquoise | C36: 7 | D36: تركواز (7) | E36: Turquoise (6) | Aqua (1) | F36: ⚠ 2 أسماء
A37: فوشيا | B37: Fuchsia | C37: 7 | D37: فوشيا (6) | فوشيا مقاس (1) | E37: Fuchsia (7) | F37: ✅ اسم واحد
A38: اسود تطعيم ابيض | B38: Black & White | C38: 6 | D38: اسود تطعيم ابيض (6) | E38: Black with White Accent (2) | Black/White (1) | Black With White (1) | Black with White (1) | Black with White Logo (1) | F38: ⚠ 5 أسماء
A39: روز | B39: Rose | C39: 6 | D39: روز (1) | روز 4 (1) | روز 6 (1) | روز 8 (1) | روز 10 (1) | روز L (1) | E39: Pink (4) | Rose (2) | F39: ⚠ 2 أسماء
A40: كيوي | B40: Kiwi | C40: 6 | D40: كيوي 4 (1) | كيوي 6 (1) | كيوي 8 (1) | كيوي 10 (1) | كيوي مقاس (1) | كيوي (1) | E40: Kiwi Green (4) | Kiwi (2) | F40: ⚠ 2 أسماء
A41: بيبسي | B41: Pepsi | C41: 5 | D41: بيبسي (5) | E41: Pepsi (4) | Pepsi Blue (1) | F41: ⚠ 2 أسماء
A42: كموني | B42: Cumin | C42: 5 | D42: كموني (5) | E42: Camel (3) | Khaki (1) | khaki (1) | F42: ⚠ 3 أسماء | G42: اتكتب Camel 3 مرات و Khaki مرتين — لون مختلف عنهم
A43: اخضر جنزاري | B43: Genzari | C43: 5 | D43: اخضر جنزاري (5) | E43: Green (2) | Dark Green (2) | Genzari (1) | F43: ⚠ 3 أسماء | G43: اتكتب Genzari و Green و Dark Green و Teal و Petrol
A44: باندل سته قطع | B44: — (مش لون) | C44: 5 | D44: باندل ستة قطع (5) | E44: Pack Of 6 (3) | Pack of 6 pieces (1) | Pack Of 6 Pieces (1) | F44: ⚠ 3 أسماء
A45: منجاوي | B45: Mango | C45: 5 | D45: منجاوي (5) | E45: Mango (5) | F45: ✅ اسم واحد
A46: كاكاو | B46: Cocoa | C46: 4 | D46: كاكاو (4) | E46: Cocoa (3) | Brown (1) | F46: ⚠ 2 أسماء
A47: لبني فاتح | B47: Light Blue | C47: 4 | D47: لبني فاتح (4) | E47: Baby Blue (2) | Light Blue (1) | Baby blue (1) | F47: ⚠ 3 أسماء | G47: اتكتب Baby Blue 3 مرات و Light Blue مرة
A48: سلفر | B48: Silver | C48: 4 | D48: سلفر (4) | E48: Silver (3) | Grey (1) | F48: ⚠ 2 أسماء
A49: مسترده | B49: Mustard | C49: 4 | D49: مسترده (2) | مستردة (2) | E49: Mustard (3) | Mustarda (1) | F49: ⚠ 2 أسماء
A50: اورانج | B50: Orange | C50: 4 | D50: اورانج (4) | E50: Orange (4) | F50: ✅ اسم واحد
A51: بستشيو | B51: Pistachio | C51: 4 | D51: بستشيو (4) | E51: Pistachio (4) | F51: ✅ اسم واحد
A52: بنفسجي | B52: Purple | C52: 4 | D52: بنفسجي (4) | E52: Purple (4) | F52: ✅ اسم واحد
A53: صحراوي | B53: Desert Beige | C53: 4 | D53: صحراوي (4) | E53: Sand (2) | Desert Beige (2) | F53: ⚠ 2 أسماء | G53: اتكتب Sand و Desert Beige
A54: جنزاري | B54: Genzari | C54: 4 | D54: جنزاري (4) | E54: Janazary (2) | Teal (1) | Petrol (1) | F54: ⚠ 3 أسماء | G54: اتكتب Genzari و Green و Dark Green و Teal و Petrol
A55: اسود تطعيم رمادي | B55: Black & Gray | C55: 3 | D55: اسود تطعيم رمادي (3) | E55: Black with Grey (2) | Black & Gray (1) | F55: ⚠ 2 أسماء
A56: جينز | B56: Denim Blue | C56: 3 | D56: چينز (3) | E56: Blue Denim (2) | Jeans (1) | F56: ⚠ 2 أسماء
A57: رصاصي فاتح | B57: Light Gray | C57: 3 | D57: رصاصي فاتح (3) | E57: Light Grey (3) | F57: ✅ اسم واحد
A58: منت جرين | B58: Mint Green | C58: 3 | D58: منت جرين (3) | E58: Mint Green (2) | Mint (1) | F58: ⚠ 2 أسماء
A59: لون جينز | B59: Denim Blue | C59: 3 | D59: لون جينز (3) | E59: Denim Blue (1) | Jeans (1) | Navy (1) | F59: ⚠ 3 أسماء
A60: فيراني | B60: Firani | C60: 3 | D60: فيراني (3) | E60: Firani (3) | F60: ✅ اسم واحد
A61: سيمون | B61: Salmon | C61: 3 | D61: سيمون (3) | E61: Peach (1) | Simon (1) | Salmon (1) | F61: ⚠ 3 أسماء
A62: فيروزي | B62: Turquoise | C62: 3 | D62: فيروزي (3) | E62: Aqua (1) | Teal (1) | Turquoise Blue (1) | F62: ⚠ 3 أسماء | G62: اتكتب Aqua و Teal و Turquoise
A63: ابيض*اسود | B63: White & Black | C63: 2 | D63: أبيض*اسود (2) | E63: White × Black (2) | F63: ✅ اسم واحد
A64: ابيض*اخضر | B64: White & Green | C64: 2 | D64: أبيض*أخضر (2) | E64: White × Green (2) | F64: ✅ اسم واحد
A65: اسود خطوط بيضاء | B65: Black & White | C65: 2 | D65: اسود خطوط بيضاء (2) | E65: Black with White Stripes (1) | Black with White (1) | F65: ⚠ 2 أسماء
A66: ابيض خطوط سوداء | B66: White & Black | C66: 2 | D66: أبيض خطوط سوداء (2) | E66: White with Black Stripes (1) | White with Black (1) | F66: ⚠ 2 أسماء
A67: ابيض خطوط خضراء | B67: White & Green | C67: 2 | D67: أبيض خطوط خضراء (2) | E67: White with Green Stripes (1) | White with Green (1) | F67: ⚠ 2 أسماء
A68: ابيض خطوط بينك | B68: White & Pink | C68: 2 | D68: ابيض خطوط بينك (1) | أبيض خطوط بينك (1) | E68: White with Pink Stripes (1) | White with Pink (1) | F68: ⚠ 2 أسماء
A69: ابيض مطعم رمادي | B69: White & Gray | C69: 2 | D69: ابيض مطعم رمادي (2) | E69: White With Gray (1) | White with Gray Accent (1) | F69: ⚠ 2 أسماء
A70: ابيضXرمادي | B70: White & Gray | C70: 2 | D70: ابيضXرمادي (2) | E70: ابيضXرمادي (1) | White × Grey (1) | F70: ⚠ 2 أسماء
A71: لبني غامق | B71: Dark Baby Blue | C71: 2 | D71: لبني غامق (2) | E71: Dark Baby Blue (1) | Dark Baby Blue (1) | F71: ⚠ 2 أسماء
A72: طوبي | B72: Brick | C72: 2 | D72: طوبي (2) | E72: Terracotta (1) | Brick (1) | F72: ⚠ 2 أسماء | G72: اتكتب Brick و Terracotta
A73: زيتي غامق | B73: Dark Olive | C73: 2 | D73: زيتي غامق (2) | E73: Olive (1) | Dark Olive (1) | F73: ⚠ 2 أسماء
A74: ابيض تطعيم اخضر | B74: White & Green | C74: 2 | D74: ابيض تطعيم اخضر (2) | E74: White with Green (2) | F74: ✅ اسم واحد
A75: ابيض في لبني | B75: White & Baby Blue | C75: 2 | D75: ابيض في لبني (2) | E75: White with Light Blue (1) | White & Blue (1) | F75: ⚠ 2 أسماء
A76: ابيض تطعيم بطيخي | B76: White & Watermelon | C76: 2 | D76: ابيض تطعيم بطيخي (2) | E76: White with Watermelon (2) | F76: ✅ اسم واحد
A77: AA | B77: — (مش لون) | C77: 2 | D77: AA (2) | E77: AA (2) | F77: ✅ اسم واحد
A78: AB | B78: — (مش لون) | C78: 2 | D78: AB (2) | E78: AB (2) | F78: ✅ اسم واحد
A79: AC | B79: — (مش لون) | C79: 2 | D79: AC (2) | E79: AC (2) | F79: ✅ اسم واحد
A80: AD | B80: — (مش لون) | C80: 2 | D80: AD (2) | E80: AD (2) | F80: ✅ اسم واحد
A81: باندل قطعتين | B81: — (مش لون) | C81: 2 | D81: باندل قطعتين (2) | E81: Pack Of 2 piece (1) | Bundle Of 2 Pieces (1) | F81: ⚠ 2 أسماء
A82: جينز اسود | B82: Black Denim | C82: 2 | D82: جينز اسود (2) | E82: Black Denim (2) | F82: ✅ اسم واحد
A83: رمادي * اسود | B83: Gray & Black | C83: 1 | D83: رمادي * اسود (1) | E83: Grey × Black (1) | F83: ✅ اسم واحد
A84: اسود خطوط سوداء | B84: Black | C84: 1 | D84: اسود خطوط سوداء (1) | E84: Black with Black Stripes (1) | F84: ✅ اسم واحد
... A110: ابيض*بيج | B110: White & Beige | C110: 1 | D110: أبيض*بيج (1) | E110: White & Beige (1) | F110: ✅ اسم واحد
A111: اسود فرنيه | B111: Black | C111: 1 | D111: اسود فرنيه (1) | E111: Black Burnished (1) | F111: ✅ اسم واحد | G111: فرنيه = تشطيب لامع، مش لون
A112: زهري | B112: Pink | C112: 1 | D112: زهري مقاس (1) | E112: Dark Blue (1) | F112: ✅ اسم واحد | G112: زهري = وردي/بينك
A113: رمادي شانيه | B113: Heather Gray | C113: 1 | D113: رمادي شانيه (1) | E113: Shania (1) | F113: ✅ اسم واحد | G113: شانيه = chiné/melange — في شوبيفاي مكتوب Shania
A114: اسود تطعيم جلد | B114: Black | C114: 1 | D114: اسود تطعيم جلد (1) | E114: Black with Leather Accent (1) | F114: ✅ اسم واحد | G114: التفاصيل (جلد/ستارز) مش لون
A115: بني تطعيم جلد | B115: Brown | C115: 1 | D115: بني تطعيم جلد (1) | E115: Brown with Leather Accent (1) | F115: ✅ اسم واحد | G115: التفاصيل (جلد/ستارز) مش لون
A116: حديدي | B116: Gray | C116: 1 | D116: حديدي (1) | E116: Grey (1) | F116: ✅ اسم واحد | G116: حديدي غالباً أغمق — ممكن Dark Gray
A117: ابيض تطعيم بيج | B117: White & Beige | C117: 1 | D117: ابيض تطعيم بيج (1) | E117: White & Beige (1) | F117: ✅ اسم واحد
A118: اسود علامه ذهبي | B118: Black & Gold | C118: 1 | D118: اسود علامة ذهبي (1) | E118: Black with Gold Logo (1) | F118: ✅ اسم واحد
A119: اسود علامه رمادي | B119: Black & Gray | C119: 1 | D119: اسود علامة رمادي (1) | E119: Black with Gray Logo (1) | F119: ✅ اسم واحد
A120: اسود علامه بيضاء | B120: Black & White | C120: 1 | D120: اسود علامة بيضاء (1) | E120: Black with White Logo (1) | F120: ✅ اسم واحد
A121: رمادي علامه سوداء | B121: Gray & Black | C121: 1 | D121: رمادي علامة سوداء (1) | E121: Gray with Black Logo (1) | F121: ✅ اسم واحد
A122: هافان علامه سوداء | B122: Havana & Black | C122: 1 | D122: هافان علامة سوداء (1) | E122: Havana with Black Logo (1) | F122: ✅ اسم واحد
A123: كحلي علامه هافان | B123: Navy & Havana | C123: 1 | D123: كحلي علامة هافان (1) | E123: Navy with Havana Logo (1) | F123: ✅ اسم واحد
A124: ابيض علامه سوداء | B124: White & Black | C124: 1 | D124: أبيض علامة سوداء (1) | E124: White with Black Logo (1) | F124: ✅ اسم واحد
A125: ابيض في ذهبي وعلامه سوداء | B125: White & Gold & Black | C125: 1 | D125: أبيض في ذهبي وعلامة سوداء (1) | E125: White with Gold and Black Logo (1) | F125: ✅ اسم واحد
A126: ابيض علامه خضراء | B126: White & Green | C126: 1 | D126: أبيض علامة خضراء (1) | E126: White with Green Logo (1) | F126: ✅ اسم واحد
...

Sheet All Values
A1: القيمة زي ما هي في شوبيفاي | B1: عدد المنتجات | C1: الاسم الموحد المقترح | D1: الحالة | E1: ملاحظة
A2: Aqua | B2: =COUNTIF(Products!$E$2:$E$2033,A2) | C2: Aqua | D2: سليم
A3: Baby Blue | B3: =COUNTIF(Products!$E$2:$E$2033,A3) | C3: Baby Blue | D3: سليم
A4: Baby blue | B4: =COUNTIF(Products!$E$2:$E$2033,A4) | C4: Baby Blue | D4: غلط إملائي/كتابة
A5: Bagie | B5: =COUNTIF(Products!$E$2:$E$2033,A5) | C5: Beige | D5: غلط إملائي/كتابة
A6: Baige | B6: =COUNTIF(Products!$E$2:$E$2033,A6) | C6: Beige | D6: غلط إملائي/كتابة
A7: Beige | B7: =COUNTIF(Products!$E$2:$E$2033,A7) | C7: Beige | D7: سليم
A8: Beige Striped | B8: =COUNTIF(Products!$E$2:$E$2033,A8) | C8: Beige | D8: محتاج تبص عليه بعينك | E8: التفاصيل (Striped) مكانها الوصف مش اسم اللون
A9: Biege | B9: =COUNTIF(Products!$E$2:$E$2033,A9) | C9: Beige | D9: غلط إملائي/كتابة
A10: ييج | B10: =COUNTIF(Products!$E$2:$E$2033,A10) | C10: Beige | D10: عربي ← إنجليزي
A11: Beige x Burgundy | B11: =COUNTIF(Products!$E$2:$E$2033,A11) | C11: Beige & Burgundy | D11: لون مزدوج — توحيد الصيغة
A12: Black | B12: =COUNTIF(Products!$E$2:$E$2033,A12) | C12: Black | D12: سليم
A13: Black & Tiger | B13: =COUNTIF(Products!$E$2:$E$2033,A13) | C13: Black | D13: محتاج تبص عليه بعينك | E13: التفاصيل (Tiger) مكانها الوصف مش اسم اللون
A14: Black Burnished | B14: =COUNTIF(Products!$E$2:$E$2033,A14) | C14: Black | D14: محتاج تبص عليه بعينك | E14: دي خامة/تشطيب مش لون
A15: Black suede | B15: =COUNTIF(Products!$E$2:$E$2033,A15) | C15: Black | D15: محتاج تبص عليه بعينك | E15: دي خامة/تشطيب مش لون
A16: Black with Black Stripes | B16: =COUNTIF(Products!$E$2:$E$2033,A16) | C16: Black | D16: محتاج تبص عليه بعينك | E16: التفاصيل (Stripes) مكانها الوصف مش اسم اللون
A17: Black with Leather Accent | B17: =COUNTIF(Products!$E$2:$E$2033,A17) | C17: Black | D17: محتاج تبص عليه بعينك | E17: التفاصيل (Leather Accent) مكانها الوصف مش اسم اللون
A18: Black×Black | B18: =COUNTIF(Products!$E$2:$E$2033,A18) | C18: Black | D18: اسم تاني لنفس اللون
A19: Matte Black | B19: =COUNTIF(Products!$E$2:$E$2033,A19) | C19: Black | D19: محتاج تبص عليه بعينك | E19: دي خامة/تشطيب مش لون
A20: أسود | B20: =COUNTIF(Products!$E$2:$E$2033,A20) | C20: Black | D20: عربي ← إنجليزي
A21: اسود | B21: =COUNTIF(Products!$E$2:$E$2033,A21) | C21: Black | D21: عربي ← إنجليزي
A22: Black with Beige | B22: =COUNTIF(Products!$E$2:$E$2033,A22) | C22: Black & Beige | D22: لون مزدوج — توحيد الصيغة
A23: Black with Gold | B23: =COUNTIF(Products!$E$2:$E$2033,A23) | C23: Black & Gold | D23: لون مزدوج — توحيد الصيغة
A24: Black with Gold Logo | B24: =COUNTIF(Products!$E$2:$E$2033,A24) | C24: Black & Gold | D24: لون مزدوج — توحيد الصيغة | E24: التفاصيل (Logo) مكانها الوصف مش اسم اللون
A25: Black & Gray | B25: =COUNTIF(Products!$E$2:$E$2033,A25) | C25: Black & Gray | D25: لون مزدوج — توحيد الصيغة
A26: Black with Gray Logo | B26: =COUNTIF(Products!$E$2:$E$2033,A26) | C26: Black & Gray | D26: لون مزدوج — توحيد الصيغة | E26: التفاصيل (Logo) مكانها الوصف مش اسم اللون
A27: Black with Grey | B27: =COUNTIF(Products!$E$2:$E$2033,A27) | C27: Black & Gray | D27: لون مزدوج — توحيد الصيغة
A28: Black with Silver | B28: =COUNTIF(Products!$E$2:$E$2033,A28) | C28: Black & Silver | D28: لون مزدوج — توحيد الصيغة
A29: Black with Silver Stripes | B29: =COUNTIF(Products!$E$2:$E$2033,A29) | C29: Black & Silver | D29: لون مزدوج — توحيد الصيغة | E29: التفاصيل (Stripes) مكانها الوصف مش اسم اللون
A30: Black & White Dual-Face | B30: =COUNTIF(Products!$E$2:$E$2033,A30) | C30: Black & White | D30: لون مزدوج — توحيد الصيغة | E30: التفاصيل (Dual-Face) مكانها الوصف مش اسم اللون
A31: Black * White | B31: =COUNTIF(Products!$E$2:$E$2033,A31) | C31: Black & White | D31: لون مزدوج — توحيد الصيغة
A32: Black With White | B32: =COUNTIF(Products!$E$2:$E$2033,A32) | C32: Black & White | D32: لون مزدوج — توحيد الصيغة
A33: Black with White | B33: =COUNTIF(Products!$E$2:$E$2033,A33) | C33: Black & White | D33: لون مزدوج — توحيد الصيغة
A34: Black with White Accent | B34: =COUNTIF(Products!$E$2:$E$2033,A34) | C34: Black & White | D34: لون مزدوج — توحيد الصيغة | E34: التفاصيل (Accent) مكانها الوصف مش اسم اللون
A35: Black with White Logo | B35: =COUNTIF(Products!$E$2:$E$2033,A35) | C35: Black & White | D35: لون مزدوج — توحيد الصيغة | E35: التفاصيل (Logo) مكانها الوصف مش اسم اللون
A36: Black with White Sole | B36: =COUNTIF(Products!$E$2:$E$2033,A36) | C36: Black & White | D36: لون مزدوج — توحيد الصيغة | E36: التفاصيل (Sole) مكانها الوصف مش اسم اللون
A37: Black with White Stripes | B37: =COUNTIF(Products!$E$2:$E$2033,A37) | C37: Black & White | D37: لون مزدوج — توحيد الصيغة | E37: التفاصيل (Stripes) مكانها الوصف مش اسم اللون
A38: Black/White | B38: =COUNTIF(Products!$E$2:$E$2033,A38) | C38: Black & White | D38: لون مزدوج — توحيد الصيغة
A39: Black × Yellow | B39: =COUNTIF(Products!$E$2:$E$2033,A39) | C39: Black & Yellow | D39: لون مزدوج — توحيد الصيغة
A40: Black Denim | B40: =COUNTIF(Products!$E$2:$E$2033,A40) | C40: Black Denim | D40: سليم
A41: Blue | B41: =COUNTIF(Products!$E$2:$E$2033,A41) | C41: Blue | D41: سليم
A42: Brick | B42: =COUNTIF(Products!$E$2:$E$2033,A42) | C42: Brick | D42: سليم
A43: Brawn | B43: =COUNTIF(Products!$E$2:$E$2033,A43) | C43: Brown | D43: غلط إملائي/كتابة
A44: Brown | B44: =COUNTIF(Products!$E$2:$E$2033,A44) | C44: Brown | D44: سليم
A45: Brown suede | B45: =COUNTIF(Products!$E$2:$E$2033,A45) | C45: Brown | D45: محتاج تبص عليه بعينك | E45: دي خامة/تشطيب مش لون
A46: Brown with Leather Accent | B46: =COUNTIF(Products!$E$2:$E$2033,A46) | C46: Brown | D46: محتاج تبص عليه بعينك | E46: التفاصيل (Leather Accent) مكانها الوصف مش اسم اللون
A47: Brwon | B47: =COUNTIF(Products!$E$2:$E$2033,A47) | C47: Brown | D47: غلط إملائي/كتابة
A48: بني | B48: =COUNTIF(Products!$E$2:$E$2033,A48) | C48: Brown | D48: عربي ← إنجليزي
A49: Brown with White Stripes | B49: =COUNTIF(Products!$E$2:$E$2033,A49) | C49: Brown & White | D49: لون مزدوج — توحيد الصيغة | E49: التفاصيل (Stripes) مكانها الوصف مش اسم اللون
A50: Burgandy | B50: =COUNTIF(Products!$E$2:$E$2033,A50) | C50: Burgundy | D50: غلط إملائي/كتابة
A51: Burgany | B51: =COUNTIF(Products!$E$2:$E$2033,A51) | C51: Burgundy | D51: غلط إملائي/كتابة
A52: Burgundy | B52: =COUNTIF(Products!$E$2:$E$2033,A52) | C52: Burgundy | D52: سليم
A53: Burgundy × Navy | B53: =COUNTIF(Products!$E$2:$E$2033,A53) | C53: Burgundy & Navy | D53: لون مزدوج — توحيد الصيغة
A54: Burgundy × Olive × Beige | B54: =COUNTIF(Products!$E$2:$E$2033,A54) | C54: Burgundy & Olive & Beige | D54: لون مزدوج — توحيد الصيغة
A55: Burlap | B55: =COUNTIF(Products!$E$2:$E$2033,A55) | C55: Burlap | D55: محتاج تبص عليه بعينك
A56: Camel | B56: =COUNTIF(Products!$E$2:$E$2033,A56) | C56: Camel | D56: سليم
A57: Gamal | B57: =COUNTIF(Products!$E$2:$E$2033,A57) | C57: Camel | D57: غلط إملائي/كتابة
A58: Gamel | B58: =COUNTIF(Products!$E$2:$E$2033,A58) | C58: Camel | D58: غلط إملائي/كتابة
A59: Camouflage Green | B59: =COUNTIF(Products!$E$2:$E$2033,A59) | C59: Camouflage Green | D59: سليم
A60: Cashmere | B60: =COUNTIF(Products!$E$2:$E$2033,A60) | C60: Cashmere | D60: سليم
A61: Cashmir | B61: =COUNTIF(Products!$E$2:$E$2033,A61) | C61: Cashmere | D61: غلط إملائي/كتابة
... A73: Dark Grey | B73: =COUNTIF(Products!$E$2:$E$2033,A73) | C73: Dark Gray | D73: غلط إملائي/كتابة
A74: Dark Grey with Black Stripes | B74: =COUNTIF(Products!$E$2:$E$2033,A74) | C74: Dark Gray & Black | D74: لون مزدوج — توحيد الصيغة | E74: التفاصيل (Stripes) مكانها الوصف مش اسم اللون
A75: Dark Green | B75: =COUNTIF(Products!$E$2:$E$2033,A75) | C75: Dark Green | D75: سليم
A76: Dark Olive | B76: =COUNTIF(Products!$E$2:$E$2033,A76) | C76: Dark Olive | D76: سليم
A77: Blue Denim | B77: =COUNTIF(Products!$E$2:$E$2033,A77) | C77: Denim Blue | D77: اسم تاني لنفس اللون
A78: Denim Blue | B78: =COUNTIF(Products!$E$2:$E$2033,A78) | C78: Denim Blue | D78: سليم
A79: Jeans | B79: =COUNTIF(Products!$E$2:$E$2033,A79) | C79: Denim Blue | D79: محتاج تبص عليه بعينك
A80: Desert Beige | B80: =COUNTIF(Products!$E$2:$E$2033,A80) | C80: Desert Beige | D80: محتاج تبص عليه بعينك
A81: Dusty Rose | B81: =COUNTIF(Products!$E$2:$E$2033,A81) | C81: Dusty Rose | D81: محتاج تبص عليه بعينك
A82: Firani | B82: =COUNTIF(Products!$E$2:$E$2033,A82) | C82: Firani | D82: محتاج تبص عليه بعينك
A83: Fuchsia | B83: =COUNTIF(Products!$E$2:$E$2033,A83) | C83: Fuchsia | D83: سليم
A84: Genzari | B84: =COUNTIF(Products!$E$2:$E$2033,A84) | C84: Genzari | D84: محتاج تبص عليه بعينك
A85: Janazary | B85: =COUNTIF(Products!$E$2:$E$2033,A85) | C85: Genzari | D85: محتاج تبص عليه بعينك
A86: Cold | B86: =COUNTIF(Products!$E$2:$E$2033,A86) | C86: Gold | D86: محتاج تبص عليه بعينك | E86: غالباً غلطة في Gold — اتأكد
A87: Gold | B87: =COUNTIF(Products!$E$2:$E$2033,A87) | C87: Gold | D87: سليم
A88: Gold 18 | B88: =COUNTIF(Products!$E$2:$E$2033,A88) | C88: Gold | D88: محتاج تبص عليه بعينك | E88: الرقم ده عيار مش لون — حطه في option تاني
A89: Gold 20 | B89: =COUNTIF(Products!$E$2:$E$2033,A89) | C89: Gold | D89: محتاج تبص عليه بعينك | E89: الرقم ده عيار مش لون — حطه في option تاني
A90: Gold x Silver | B90: =COUNTIF(Products!$E$2:$E$2033,A90) | C90: Gold & Silver | D90: لون مزدوج — توحيد الصيغة
A91: Gold – Silver – Rose Gold 18 | B91: =COUNTIF(Products!$E$2:$E$2033,A91) | C91: Gold & Silver & Rose Gold | D91: لون مزدوج — توحيد الصيغة | E91: التفاصيل (18) مكانها الوصف مش اسم اللون
A92: Gray | B92: =COUNTIF(Products!$E$2:$E$2033,A92) | C92: Gray | D92: سليم
A93: Grey | B93: =COUNTIF(Products!$E$2:$E$2033,A93) | C93: Gray | D93: غلط إملائي/كتابة
A94: رصاصي | B94: =COUNTIF(Products!$E$2:$E$2033,A94) | C94: Gray | D94: محتاج تبص عليه بعينك
A95: رمادي | B95: =COUNTIF(Products!$E$2:$E$2033,A95) | C95: Gray | D95: عربي ← إنجليزي
A96: Gray with Black Logo | B96: =COUNTIF(Products!$E$2:$E$2033,A96) | C96: Gray & Black | D96: لون مزدوج — توحيد الصيغة | E96: التفاصيل (Logo) مكانها الوصف مش اسم اللون
A97: Gray×Black | B97: =COUNTIF(Products!$E$2:$E$2033,A97) | C97: Gray & Black | D97: لون مزدوج — توحيد الصيغة
A98: Grey & Black | B98: =COUNTIF(Products!$E$2:$E$2033,A98) | C98: Gray & Black | D98: لون مزدوج — توحيد الصيغة
A99: Grey × Black | B99: =COUNTIF(Products!$E$2:$E$2033,A99) | C99: Gray & Black | D99: لون مزدوج — توحيد الصيغة
A100: Gray × Pink | B100: =COUNTIF(Products!$E$2:$E$2033,A100) | C100: Gray & Pink | D100: لون مزدوج — توحيد الصيغة
A101: Green | B101: =COUNTIF(Products!$E$2:$E$2033,A101) | C101: Green | D101: سليم
A102: Havan | B102: =COUNTIF(Products!$E$2:$E$2033,A102) | C102: Havana | D102: غلط إملائي/كتابة
A103: Havana | B103: =COUNTIF(Products!$E$2:$E$2033,A103) | C103: Havana | D103: سليم
A104: Havana Brown | B104: =COUNTIF(Products!$E$2:$E$2033,A104) | C104: Havana | D104: محتاج تبص عليه بعينك
A105: هافان | B105: =COUNTIF(Products!$E$2:$E$2033,A105) | C105: Havana | D105: عربي ← إنجليزي
A106: Havana with Black Logo | B106: =COUNTIF(Products!$E$2:$E$2033,A106) | C106: Havana & Black | D106: لون مزدوج — توحيد الصيغة | E106: التفاصيل (Logo) مكانها الوصف مش اسم اللون
A107: Khaki | B107: =COUNTIF(Products!$E$2:$E$2033,A107) | C107: Khaki | D107: سليم
A108: khaki | B108: =COUNTIF(Products!$E$2:$E$2033,A108) | C108: Khaki | D108: غلط إملائي/كتابة
A109: Kiwi | B109: =COUNTIF(Products!$E$2:$E$2033,A109) | C109: Kiwi | D109: سليم
A110: Kiwi Green | B110: =COUNTIF(Products!$E$2:$E$2033,A110) | C110: Kiwi | D110: اسم تاني لنفس اللون
A111: Light Blue | B111: =COUNTIF(Products!$E$2:$E$2033,A111) | C111: Light Blue | D111: سليم
...

Sheet Products
A1: المنتج | B1: Vendor (شوبيفاي) | C1: لينك الأدمن | D1: اسم الـOption | E1: اللون في شوبيفاي | F1: الاسم الموحد المقترح | G1: الحالة | H1: لينك/SKU Vendoor | I1: اللون في Vendoor (يتملى) | J1: ملاحظة | K1: اللون في Vendoor (موحد) | L1: المطابقة | M1: ملاحظة المطابقة
A2: 3-Piece Satin Lingerie Set | B2: Lanramic | C2: فتح | D2: Colors | E2: Black | F2: Black | G2: سليم | H2: https://aff.ven-door.com/product/5732 | I2: — مش موجود على Vendoor | L2: ⛔ اللون مش موجود على Vendoor
A3: 3-Piece Satin Lingerie Set | B3: Lanramic | C3: فتح | D3: Colors | E3: White | F3: White | G3: سليم | H3: https://aff.ven-door.com/product/5732 | I3: ابيض | K3: White | L3: ✅ متطابق
A4: 3-Piece Soft Lounge Set – Bralette, Shorts & Panty | B4: Lanramic | C4: فتح | D4: Colors | E4: Black | F4: Black | G4: سليم | H4: https://aff.ven-door.com/product/3799 | I4: اسود XL / اسود 2XL | K4: Black | L4: ✅ متطابق
A5: 3-Piece Soft Lounge Set – Bralette, Shorts & Panty | B5: Lanramic | C5: فتح | D5: Colors | E5: Olive Green | F5: Olive | G5: محتاج تبص عليه بعينك | H5: https://aff.ven-door.com/product/3799 | I5: زتوني XL / زتوني 2XL | K5: Olive | L5: ✅ متطابق
A6: 3-Piece Soft Lounge Set – Bralette, Shorts & Panty | B6: Lanramic | C6: فتح | D6: Colors | E6: Red | F6: Red | G6: سليم | H6: https://aff.ven-door.com/product/3799 | I6: أحمر XL / أحمر 2XL | K6: Red | L6: ✅ متطابق
A7: 3-Piece Soft Lounge Set – Bralette, Shorts & Panty | B7: Lanramic | C7: فتح | D7: Colors | E7: Yellow | F7: Yellow | G7: سليم | H7: https://aff.ven-door.com/product/3799 | I7: أصفر XL / أصفر 2XL | K7: Yellow | L7: ✅ متطابق
A8: 3D Dinosaur EVA Slipper | B8: Evado | C8: فتح | D8: Colors | E8: Baby Blue | F8: Baby Blue | G8: سليم | H8: https://aff.ven-door.com/product/5875 | I8: لبني | K8: Baby Blue | L8: ✅ متطابق | M8: لبني = Baby Blue (15) بس اتكتب Light Blue (7) — لازم اسم واحد
A9: 3D Dinosaur EVA Slipper | B9: Evado | C9: فتح | D9: Colors | E9: Blue | F9: Blue | G9: سليم | H9: https://aff.ven-door.com/product/5875 | I9: ازرق | K9: Blue | L9: ✅ متطابق
A10: 3D Dinosaur EVA Slipper | B10: Evado | C10: فتح | D10: Colors | E10: Cocoa | F10: Cocoa | G10: محتاج تبص عليه بعينك | H10: https://aff.ven-door.com/product/5879 | I10: كاكاو | K10: Cocoa | L10: ✅ متطابق
A11: 3D Dinosaur EVA Slipper | B11: Evado | C11: فتح | D11: Colors | E11: Green | F11: Green | G11: سليم | H11: https://aff.ven-door.com/product/5879 | I11: اخضر | K11: Green | L11: ✅ متطابق
A12: 3D Dinosaur EVA Slipper | B12: Evado | C12: فتح | D12: Colors | E12: Mauve | F12: Mauve | G12: سليم | H12: https://aff.ven-door.com/product/5875 | I12: موف | K12: Mauve | L12: ✅ متطابق
A13: 3D Dinosaur EVA Slipper | B13: Evado | C13: فتح | D13: Colors | E13: Pink | F13: Pink | G13: سليم | H13: https://aff.ven-door.com/product/5879 | I13: بينك | K13: Pink | L13: ✅ متطابق
A14: 3D Teddy Bear EVA Slipper | B14: Evado | C14: فتح | D14: Colors | E14: Baby Blue | F14: Baby Blue | G14: سليم | H14: https://aff.ven-door.com/product/5877 | I14: لبني | K14: Baby Blue | L14: ✅ متطابق | M14: لبني = Baby Blue (15) بس اتكتب Light Blue (7) — لازم اسم واحد
A15: 3D Teddy Bear EVA Slipper | B15: Evado | C15: فتح | D15: Colors | E15: Blue | F15: Blue | G15: سليم | H15: https://aff.ven-door.com/product/5877 | I15: ازرق | K15: Blue | L15: ✅ متطابق
A16: 3D Teddy Bear EVA Slipper | B16: Evado | C16: فتح | D16: Colors | E16: Brown | F16: Brown | G16: سليم | H16: https://aff.ven-door.com/product/5877 | I16: كاكاو | K16: Cocoa | L16: ❌ مختلف | M16: شوبيفاي: Brown ← Vendoor: كاكاو
A17: 3D Teddy Bear EVA Slipper | B17: Evado | C17: فتح | D17: Colors | E17: Green | F17: Green | G17: سليم | H17: https://aff.ven-door.com/product/5880 | I17: اخضر | K17: Green | L17: ✅ متطابق
A18: 3D Teddy Bear EVA Slipper | B18: Evado | C18: فتح | D18: Colors | E18: Mauve | F18: Mauve | G18: سليم | H18: https://aff.ven-door.com/product/5880 | I18: موف | K18: Mauve | L18: ✅ متطابق
A19: 3D Teddy Bear EVA Slipper | B19: Evado | C19: فتح | D19: Colors | E19: Pink | F19: Pink | G19: سليم | H19: https://aff.ven-door.com/product/5880 | I19: بينك | K19: Pink | L19: ✅ متطابق
A20: 5-Piece Satin Pajama Set | B20: Lanramic | C20: فتح | D20: Color | E20: Burgundy | F20: Burgundy | G20: سليم | H20: https://aff.ven-door.com/product/4890 | I20: نبيتي | K20: Burgundy | L20: ✅ متطابق
A21: 5-Piece Satin Pajama Set | B21: Lanramic | C21: فتح | D21: Color | E21: Olive | F21: Olive | G21: سليم | H21: https://aff.ven-door.com/product/4890 | I21: زيتى | K21: Olive | L21: ✅ متطابق
A22: 5-Piece Satin Pajama Set | B22: Lanramic | C22: فتح | D22: Color | E22: Pink | F22: Pink | G22: سليم | H22: https://aff.ven-door.com/product/4890 | I22: بينك | K22: Pink | L22: ✅ متطابق
A23: 5-Piece Satin Pajama Set | B23: Lanramic | C23: فتح | D23: Color | E23: White. | F23: White | G23: سليم | H23: https://aff.ven-door.com/product/4890 | I23: ابيض | K23: White | L23: ✅ متطابق
A24: Adidas Aqua Comfort Footwear | B24: Gevo | C24: فتح | D24: Color | E24: Beige | F24: Beige | G24: سليم | H24: https://aff.ven-door.com/product/5125 | I24: بيج | K24: Beige | L24: ✅ متطابق
A25: Adidas Aqua Comfort Footwear | B25: Gevo | C25: فتح | D25: Color | E25: Black | F25: Black | G25: سليم | H25: https://aff.ven-door.com/product/5125 | I25: اسود | K25: Black | L25: ✅ متطابق
A26: Adidas Aqua Comfort Footwear | B26: Gevo | C26: فتح | D26: Color | E26: Gray | F26: Gray | G26: سليم | H26: https://aff.ven-door.com/product/5125 | I26: رمادي | K26: Gray | L26: ✅ متطابق
A27: Adidas Aqua Comfort Footwear | B27: Gevo | C27: فتح | D27: Color | E27: Navy | F27: Navy | G27: سليم | H27: https://aff.ven-door.com/product/5125 | I27: كحلي | K27: Navy | L27: ✅ متطابق
A28: Adidas Aqua Comfort Footwear | B28: Gevo | C28: فتح | D28: Color | E28: White | F28: White | G28: سليم | H28: https://aff.ven-door.com/product/5125 | I28: ابيض | K28: White | L28: ✅ متطابق
A29: Adidas Clog Slides | B29: BOB | C29: فتح | D29: Color | E29: Biege | F29: Beige | G29: غلط إملائي/كتابة | H29: https://aff.ven-door.com/product/4816 | I29: — المنتج اتشال من Vendoor (404) | L29: ⛔ المنتج اتشال من Vendoor
A30: Adidas Clog Slides | B30: BOB | C30: فتح | D30: Color | E30: Black | F30: Black | G30: سليم | H30: https://aff.ven-door.com/product/4816 | I30: — المنتج اتشال من Vendoor (404) | L30: ⛔ المنتج اتشال من Vendoor
A31: Adidas Clog Slides | B31: BOB | C31: فتح | D31: Color | E31: Khaki | F31: Khaki | G31: سليم | H31: https://aff.ven-door.com/product/4816 | I31: — المنتج اتشال من Vendoor (404) | L31: ⛔ المنتج اتشال من Vendoor
A32: Adidas Crocodile Sneakers | B32: Birdl | C32: فتح | D32: Colors | E32: Blue | F32: Blue | G32: سليم | H32: https://aff.ven-door.com/product/4993 | I32: ازرق | K32: Blue | L32: ✅ متطابق
A33: Adidas Crocodile Sneakers | B33: Birdl | C33: فتح | D33: Colors | E33: Gray | F33: Gray | G33: سليم | H33: https://aff.ven-door.com/product/4993 | I33: رمادي | K33: Gray | L33: ✅ متطابق
A34: Adidas Crocodile Sneakers | B34: Birdl | C34: فتح | D34: Colors | E34: Red | F34: Red | G34: سليم | H34: https://aff.ven-door.com/product/4993 | I34: احمر | K34: Red | L34: ✅ متطابق
A35: Adidas Crocodile Stars | B35: Birdl | C35: فتح | D35: Colors | E35: Blue | F35: Blue | G35: سليم | H35: https://aff.ven-door.com/product/4991 | I35: ازرق | K35: Blue | L35: ✅ متطابق
A36: Adidas Crocodile Stars | B36: Birdl | C36: فتح | D36: Colors | E36: Gray | F36: Gray | G36: سليم | H36: https://aff.ven-door.com/product/4991 | I36: رمادي | K36: Gray | L36: ✅ متطابق
A37: Adidas Crocodile Stars | B37: Birdl | C37: فتح | D37: Colors | E37: Red | F37: Red | G37: سليم | H37: https://aff.ven-door.com/product/4991 | I37: احمر | K37: Red | L37: ✅ متطابق
A38: Adidas Crocodile Tertan | B38: Birdl | C38: فتح | D38: Colors | E38: Blue | F38: Blue | G38: سليم | H38: https://aff.ven-door.com/product/4992 | I38: ازرق | K38: Blue | L38: ✅ متطابق
A39: Adidas Crocodile Tertan | B39: Birdl | C39: فتح | D39: Colors | E39: Gray | F39: Gray | G39: سليم | H39: https://aff.ven-door.com/product/4992 | I39: رمادي | K39: Gray | L39: ✅ متطابق
A40: Adidas Crocodile Tertan | B40: Birdl | C40: فتح | D40: Colors | E40: Red | F40: Red | G40: سليم | H40: https://aff.ven-door.com/product/4992 | I40: احمر | K40: Red | L40: ✅ متطابق
A41: Adidas EVA Shoes | B41: Gevo | C41: فتح | D41: Color | E41: Black | F41: Black | G41: سليم | H41: https://aff.ven-door.com/product/4841 | I41: اسود | K41: Black | L41: ✅ متطابق
A42: Adidas EVA Shoes | B42: Gevo | C42: فتح | D42: Color | E42: Navy | F42: Navy | G42: سليم | H42: https://aff.ven-door.com/product/4841 | I42: كحلي | K42: Navy | L42: ✅ متطابق
A43: Adidas EVA Shoes | B43: Gevo | C43: فتح | D43: Color | E43: White | F43: White | G43: سليم | H43: https://aff.ven-door.com/product/4841 | I43: ابيض | K43: White | L43: ✅ متطابق
... A46: Adidas Gazelle Everyday Shoes | B46: Shoesve | C46: فتح | D46: Color | E46: Grey × Black | F46: Gray & Black | G46: لون مزدوج — توحيد الصيغة | H46: Adidas Gazelle Sneaker FL18 ( مخزن 301 ) - رمادي * اسود 41 | I46: رمادي * اسود | K46: Gray & Black | L46: ✅ متطابق
A47: Adidas Gazelle Everyday Shoes | B47: Shoesve | C47: فتح | D47: Color | E47: Light Blue | F47: Light Blue | G47: سليم | H47: Adidas Gazelle Sneaker FL18 ( مخزن 301 ) - لبني 41 | I47: لبني | K47: Baby Blue | L47: ❌ مختلف | M47: شوبيفاي: Light Blue ← Vendoor: لبني — لبني = Baby Blue (15) بس اتكتب Light Blue (7) — لازم اسم واحد
A48: Adidas Gazelle Everyday Shoes | B48: Shoesve | C48: فتح | D48: Color | E48: White × Black | F48: White & Black | G48: لون مزدوج — توحيد الصيغة | H48: Adidas Gazelle Sneaker FL18 ( مخزن 301 ) - أبيض*اسود 41 | I48: أبيض*اسود | K48: White & Black | L48: ✅ متطابق
A49: Adidas Gazelle Everyday Shoes | B49: Shoesve | C49: فتح | D49: Color | E49: White × Green | F49: White & Green | G49: لون مزدوج — توحيد الصيغة | H49: Adidas Gazelle Sneaker FL18 ( مخزن 301 ) - أبيض*أخضر 41 | I49: أبيض*أخضر | K49: White & Green | L49: ✅ متطابق
A50: Adidas Imported Jogger Pants | B50: NE Sport Wear 24 | C50: فتح | D50: Colors | E50: Beige | F50: Beige | G50: سليم | H50: https://aff.ven-door.com/product/4854 , https://aff.ven-door.com/product/4855 | I50: بيج | K50: Beige | L50: ✅ متطابق
A51: Adidas Imported Jogger Pants | B51: NE Sport Wear 24 | C51: فتح | D51: Colors | E51: Black | F51: Black | G51: سليم | H51: https://aff.ven-door.com/product/4854 , https://aff.ven-door.com/product/4855 | I51: اسود | K51: Black | L51: ✅ متطابق
A52: Adidas Imported Jogger Pants | B52: NE Sport Wear 24 | C52: فتح | D52: Colors | E52: Blue | F52: Blue | G52: سليم | H52: https://aff.ven-door.com/product/4854 , https://aff.ven-door.com/product/4855 | I52: ازرق | K52: Blue | L52: ✅ متطابق
A53: Adidas Imported Jogger Pants | B53: NE Sport Wear 24 | C53: فتح | D53: Colors | E53: Dark Grey | F53: Dark Gray | G53: غلط إملائي/كتابة | H53: https://aff.ven-door.com/product/4854 , https://aff.ven-door.com/product/4855 | I53: رمادي غامق | K53: Dark Gray | L53: ✅ متطابق
A54: Adidas Imported Jogger Pants | B54: NE Sport Wear 24 | C54: فتح | D54: Colors | E54: Light Grey | F54: Light Gray | G54: غلط إملائي/كتابة | H54: https://aff.ven-door.com/product/4854 , https://aff.ven-door.com/product/4855 | I54: رمادي فاتح | K54: Light Gray | L54: ✅ متطابق
A55: Adidas Imported Jogger Pants | B55: NE Sport Wear 24 | C55: فتح | D55: Colors | E55: Mint Green | F55: Mint Green | G55: سليم | H55: https://aff.ven-door.com/product/4854 , https://aff.ven-door.com/product/4855 | I55: مينت جرين | K55: Mint Green | L55: ✅ متطابق
A56: Adidas Imported Jogger Pants | B56: NE Sport Wear 24 | C56: فتح | D56: Colors | E56: Navy | F56: Navy | G56: سليم | H56: https://aff.ven-door.com/product/4854 , https://aff.ven-door.com/product/4855 | I56: كحلي | K56: Navy | L56: ✅ متطابق
A57: Adidas Imported Jogger Pants | B57: NE Sport Wear 24 | C57: فتح | D57: Colors | E57: Olive | F57: Olive | G57: سليم | H57: https://aff.ven-door.com/product/4854 , https://aff.ven-door.com/product/4855 | I57: زيتى | K57: Olive | L57: ✅ متطابق
A58: Adidas Imported Jogger Pants | B58: NE Sport Wear 24 | C58: فتح | D58: Colors | E58: Pepsi | F58: Pepsi | G58: سليم | H58: https://aff.ven-door.com/product/4854 , https://aff.ven-door.com/product/4855 | I58: بيبسي | K58: Pepsi | L58: ✅ متطابق
A59: Adidas Imported Jogger Pants | B59: NE Sport Wear 24 | C59: فتح | D59: Colors | E59: Petrol | F59: Petrol | G59: سليم | H59: https://aff.ven-door.com/product/4854 , https://aff.ven-door.com/product/4855 | I59: بترولي | K59: Petrol | L59: ✅ متطابق
... A73: Adidas Men's Toe-Strap Slide | B73: RZ | C73: فتح | D73: Color | E73: Gray | F73: Gray | G73: سليم | H73: https://aff.ven-door.com/product/5089 , https://aff.ven-door.com/product/5098 | I73: رمادي | K73: Gray | L73: ✅ متطابق
A74: Adidas Men’s Lightweight Sneakers | B74: GOWA | C74: فتح | D74: Color | E74: Black | F74: Black | G74: سليم | H74: https://aff.ven-door.com/product/4448 | I74: — المنتج اتشال من Vendoor (404) | L74: ⛔ المنتج اتشال من Vendoor
A75: Adidas Men’s Lightweight Sneakers | B75: GOWA | C75: فتح | D75: Color | E75: Gray | F75: Gray | G75: سليم | H75: https://aff.ven-door.com/product/4448 | I75: — المنتج اتشال من Vendoor (404) | L75: ⛔ المنتج اتشال من Vendoor
A76: Adidas Men’s Lightweight Sneakers | B76: GOWA | C76: فتح | D76: Color | E76: Navy | F76: Navy | G76: سليم | H76: https://aff.ven-door.com/product/4448 | I76: — المنتج اتشال من Vendoor (404) | L76: ⛔ المنتج اتشال من Vendoor
A77: Adidas Motion T-Shirt | B77: Couger | C77: فتح | D77: Colors | E77: Black | F77: Black | G77: سليم | H77: https://aff.ven-door.com/product/5107 | I77: اسود | K77: Black | L77: ✅ متطابق
A78: Adidas Motion T-Shirt | B78: Couger | C78: فتح | D78: Colors | E78: Blue | F78: Blue | G78: سليم | H78: https://aff.ven-door.com/product/5107 | I78: ازرق | K78: Blue | L78: ✅ متطابق
A79: Adidas Motion T-Shirt | B79: Couger | C79: فتح | D79: Colors | E79: Gray | F79: Gray | G79: سليم | H79: https://aff.ven-door.com/product/5107 | I79: رمادي | K79: Gray | L79: ✅ متطابق
A80: Adidas Mundial Shoes | B80: Birdl | C80: فتح | D80: Colors | E80: Black | F80: Black | G80: سليم | H80: https://aff.ven-door.com/product/4970 | I80: اسود | K80: Black | L80: ✅ متطابق
A81: Adidas Mundial Shoes | B81: Birdl | C81: فتح | D81: Colors | E81: Blue | F81: Blue | G81: سليم | H81: https://aff.ven-door.com/product/4970 | I81: ازرق | K81: Blue | L81: ✅ متطابق
A82: Adidas Mundial Shoes | B82: Birdl | C82: فتح | D82: Colors | E82: Red | F82: Red | G82: سليم | H82: https://aff.ven-door.com/product/4970 | I82: احمر | K82: Red | L82: ✅ متطابق
A83: Adidas Mundial Sport Shoes | B83: Birdl | C83: فتح | D83: Colors | E83: Black with Gold | F83: Black & Gold | G83: لون مزدوج — توحيد الصيغة | H83: https://aff.ven-door.com/product/4971 | I83: اسود | K83: Black | L83: ◐ Vendoor كاتب جزء من اللون | M83: شوبيفاي: Black with Gold ← Vendoor: اسود
A84: Adidas Mundial Sport Shoes | B84: Birdl | C84: فتح | D84: Colors | E84: Black with White | F84: Black & White | G84: لون مزدوج — توحيد الصيغة | H84: https://aff.ven-door.com/product/4971 | I84: اسود | K84: Black | L84: ◐ Vendoor كاتب جزء من اللون | M84: شوبيفاي: Black with White ← Vendoor: اسود
A85: Adidas Mundial Sport Shoes | B85: Birdl | C85: فتح | D85: Colors | E85: Red | F85: Red | G85: سليم | H85: https://aff.ven-door.com/product/4971 | I85: احمر | K85: Red | L85: ✅ متطابق
A86: Adidas Predator Football Boots | B86: Birdl | C86: فتح | D86: Color | E86: Black | F86: Black | G86: سليم | H86: https://aff.ven-door.com/product/4968 | I86: اسود | K86: Black | L86: ✅ متطابق
A87: Adidas Predator Football Boots | B87: Birdl | C87: فتح | D87: Color | E87: Blue | F87: Blue | G87: سليم | H87: https://aff.ven-door.com/product/4968 | I87: ازرق | K87: Blue | L87: ✅ متطابق
A88: Adidas Predator Football Boots | B88: Birdl | C88: فتح | D88: Color | E88: Gray | F88: Gray | G88: سليم | H88: https://aff.ven-door.com/product/4968 | I88: رمادي | K88: Gray | L88: ✅ متطابق
A89: Adidas Predator Football Boots | B89: Birdl | C89: فتح | D89: Color | E89: Red | F89: Red | G89: سليم | H89: https://aff.ven-door.com/product/4968 | I89: احمر | K89: Red | L89: ✅ متطابق
A90: Adidas Predator Shoes | B90: Birdl | C90: فتح | D90: Colors | E90: Black | F90: Black | G90: سليم | H90: https://aff.ven-door.com/product/4972 | I90: اسود | K90: Black | L90: ✅ متطابق
A91: Adidas Predator Shoes | B91: Birdl | C91: فتح | D91: Colors | E91: Blue | F91: Blue | G91: سليم | H91: https://aff.ven-door.com/product/4972 | I91: ازرق | K91: Blue | L91: ✅ متطابق
A92: Adidas Predator Shoes | B92: Birdl | C92: فتح | D92: Colors | E92: Red | F92: Red | G92: سليم | H92: https://aff.ven-door.com/product/4972 | I92: احمر | K92: Red | L92: ✅ متطابق
A93: Adidas Running | B93: Movendo | C93: فتح | D93: Color | E93: Black | F93: Black | G93: سليم | H93: https://aff.ven-door.com/product/5342 | I93: اسود | K93: Black | L93: ✅ متطابق
A94: Adidas Running | B94: Movendo | C94: فتح | D94: Color | E94: White with Blue accents | F94: White & Blue | G94: لون مزدوج — توحيد الصيغة | H94: https://aff.ven-door.com/product/5342 | I94: ازرق | J94: التفاصيل (Accents) مكانها الوصف مش اسم اللون | K94: Blue | L94: ◐ Vendoor كاتب جزء من اللون | M94: شوبيفاي: White with Blue accents ← Vendoor: ازرق
A95: Adidas Running | B95: Movendo | C95: فتح | D95: Color | E95: White with Green accents | F95: White & Green | G95: لون مزدوج — توحيد الصيغة | H95: https://aff.ven-door.com/product/5342 | I95: اخضر | J95: التفاصيل (Accents) مكانها الوصف مش اسم اللون | K95: Green | L95: ◐ Vendoor كاتب جزء من اللون | M95: شوبيفاي: White with Green accents ← Vendoor: اخضر
A96: Adidas Samba | B96: Shoesve | C96: فتح | D96: Color | E96: Black with Black Stripes | F96: Black | G96: محتاج تبص عليه بعينك | H96: https://aff.ven-door.com/product/4756 | I96: اسود خطوط سوداء | J96: التفاصيل (Stripes) مكانها الوصف مش اسم اللون | K96: Black | L96: ✅ متطابق
A97: Adidas Samba | B97: Shoesve | C97: فتح | D97: Color | E97: Black with Silver Stripes | F97: Black & Silver | G97: لون مزدوج — توحيد الصيغة | H97: https://aff.ven-door.com/product/4756 | I97: اسود خطوط فضي | J97: التفاصيل (Stripes) مكانها الوصف مش اسم اللون | K97: Black & Silver | L97: ✅ متطابق
A98: Adidas Samba | B98: Shoesve | C98: فتح | D98: Color | E98: Brown with White Stripes | F98: Brown & White | G98: لون مزدوج — توحيد الصيغة | H98: https://aff.ven-door.com/product/4756 | I98: بني خطوط بيضاء | J98: التفاصيل (Stripes) مكانها الوصف مش اسم اللون | K98: Brown & White | L98: ✅ متطابق
A99: Adidas Samba | B99: Shoesve | C99: فتح | D99: Color | E99: Dark Grey with Black Stripes | F99: Dark Gray & Black | G99: لون مزدوج — توحيد الصيغة | H99: https://aff.ven-door.com/product/4756 | I99: رمادي غامق خطوط سوداء | J99: التفاصيل (Stripes) مكانها الوصف مش اسم اللون | K99: Dark Gray & Black | L99: ✅ متطابق
A100: Adidas Samba | B100: Shoesve | C100: فتح | D100: Color | E100: Navy with White Stripes | F100: Navy & White | G100: لون مزدوج — توحيد الصيغة | H100: https://aff.ven-door.com/product/4756 | I100: كحلي خطوط بيضاء | J100: التفاصيل (Stripes) مكانها الوصف مش اسم اللون | K100: Navy & White | L100: ✅ متطابق
A101: Adidas Samba Comfort Fit Sneakers. | B101: Shoesve | C101: فتح | D101: Color | E101: Beige x Burgundy | F101: Beige & Burgundy | G101: لون مزدوج — توحيد الصيغة | H101: حذاء سامبا حريمي الوان مميزة FL17 ( مخزن 301 ) - بيج*نبيتي 37 | I101: بيج*نبيتي | K101: Beige & Burgundy | L101: ✅ متطابق
A102: Adidas Samba Comfort Fit Sneakers. | B102: Shoesve | C102: فتح | D102: Color | E102: Black | F102: Black | G102: سليم | H102: حذاء سامبا حريمي الوان مميزة FL17 ( مخزن 301 ) - اسود 37 | I102: اسود | K102: Black | L102: ✅ متطابق
A103: Adidas Samba Comfort Fit Sneakers. | B103: Shoesve | C103: فتح | D103: Color | E103: Burlap | F103: Burlap | G103: محتاج تبص عليه بعينك | H103: حذاء سامبا حريمي الوان مميزة FL17 ( مخزن 301 ) - خيش 37 | I103: خيش | K103: Burlap | L103: ✅ متطابق
A104: Adidas Samba Comfort Fit Sneakers. | B104: Shoesve | C104: فتح | D104: Color | E104: Pepsi Blue | F104: Pepsi | G104: اسم تاني لنفس اللون | H104: حذاء سامبا حريمي الوان مميزة FL17 ( مخزن 301 ) - بيبسي 37 | I104: بيبسي | K104: Pepsi | L104: ✅ متطابق
A105: Adidas Samba Comfort Fit Sneakers. | B105: Shoesve | C105: فتح | D105: Color | E105: Red | F105: Red | G105: سليم | H105: حذاء سامبا حريمي الوان مميزة FL17 ( مخزن 301 ) - أحمر 37 | I105: أحمر | K105: Red | L105: ✅ متطابق
A106: Adidas Samba Comfort Fit Sneakers. | B106: Shoesve | C106: فتح | D106: Color | E106: White with 2 Denim Stripes | F106: White & Denim Blue | G106: لون مزدوج — توحيد الصيغة | H106: حذاء سامبا حريمي الوان مميزة FL17 ( مخزن 301 ) - أبيض2شريط جينز 37 | I106: أبيض2شريط جينز | J106: التفاصيل (2, Stripes) مكانها الوصف مش اسم اللون | K106: White & Denim Blue | L106: ✅ متطابق
A107: Adidas Samba Comfort Fit Sneakers. | B107: Shoesve | C107: فتح | D107: Color | E107: White x Mint Green | F107: White & Mint Green | G107: لون مزدوج — توحيد الصيغة | H107: حذاء سامبا حريمي الوان مميزة FL17 ( مخزن 301 ) - أبيض*مينت جرين 37 | I107: أبيض*مينت جرين | K107: White & Mint Green | L107: ✅ متطابق
A108: Adidas Samba Comfort Fit Sneakers. | B108: Shoesve | C108: فتح | D108: Color | E108: White x Pink | F108: White & Pink | G108: لون مزدوج — توحيد الصيغة | H108: حذاء سامبا حريمي الوان مميزة FL17 ( مخزن 301 ) - أبيض*بينك 37 | I108: أبيض*بينك | K108: White & Pink | L108: ✅ متطابق
A109: Adidas Samba Kids' Shoes | B109: Shoesve | C109: فتح | D109: Colors | E109: Black with White Stripes | F109: Black & White | G109: لون مزدوج — توحيد الصيغة | H109: حذاء سامبا أولادي FL9 ( مخزن 301 ) - اسود خطوط بيضاء 31 | I109: اسود خطوط بيضاء | J109: التفاصيل (Stripes) مكانها الوصف مش اسم اللون | K109: Black & White | L109: ✅ متطابق
A110: Adidas Samba Kids' Shoes | B110: Shoesve | C110: فتح | D110: Colors | E110: White with Black Stripes | F110: White & Black | G110: لون مزدوج — توحيد الصيغة | H110: حذاء سامبا أولادي FL9 ( مخزن 301 ) - أبيض خطوط سوداء 31 | I110: أبيض خطوط سوداء | J110: التفاصيل (Stripes) مكانها الوصف مش اسم اللون | K110: White & Black | L110: ✅ متطابق
A111: Adidas Samba Kids' Shoes | B111: Shoesve | C111: فتح | D111: Colors | E111: White with Green Stripes | F111: White & Green | G111: لون مزدوج — توحيد الصيغة | H111: حذاء سامبا أولادي FL9 ( مخزن 301 ) - أبيض خطوط خضراء 31 | I111: أبيض خطوط خضراء | J111: التفاصيل (Stripes) مكانها الوصف مش اسم اللون | K111: White & Green | L111: ✅ متطابق
A112: Adidas Sneakers | B112: Birdl | C112: فتح | D112: Color | E112: Black | F112: Black | G112: سليم | H112: https://aff.ven-door.com/product/5605 | I112: اسود | K112: Black | L112: ✅ متطابق
A113: Adidas Sneakers | B113: Shoesve | C113: فتح | D113: Color | E113: Black | F113: Black | G113: سليم | H113: https://aff.ven-door.com/product/4813 | I113: اسود | K113: Black | L113: ✅ متطابق
A114: Adidas Sneakers | B114: Birdl | C114: فتح | D114: Color | E114: Black/White | F114: Black & White | G114: لون مزدوج — توحيد الصيغة | H114: https://aff.ven-door.com/product/5569 | I114: اسود تطعيم ابيض | K114: Black & White | L114: ✅ متطابق
A115: Adidas Sneakers | B115: Birdl | C115: فتح | D115: Color | E115: Gold | F115: Gold | G115: سليم | H115: https://aff.ven-door.com/product/5569 | I115: جولد | K115: Gold | L115: ✅ متطابق
...

Sheet Option Names
A1: اسم الـOption | B1: عدد المنتجات | C1: المقترح
A2: Size | B2: 550 | C2: ✓ سليم
A3: Color | B3: 368 | C3: ✓ سليم
A4: Colors | B4: 240 | C4: Color
A5: Shoe size | B5: 12 | C5: Size (أو سيبه لو قاصد تفرق مقاسات الجزم)
A6: Title | B6: 5 | C6: منتج من غير variants — سيبه
A7: color | B7: 1 | C7: Color
A8: size | B8: 1 | C8: Size
A9: ColorB | B9: 1 | C9: Color
A10: الالوان | B10: 1 | C10: Color
A11: المقاس | B11: 1 | C11: Size
A13: شوبيفاي بيعمل فلتر منفصل لكل اسم option، فـColor و Colors بيطلعوا للزبون كفلترين. وحّدهم كلهم لـColor.
